start_station_name,end_station_name,trips,start_lat,start_lng,end_lat,end_lng
Bushwick Ave & Dekalb Ave,E 9 St & 5 Ave,1,40.695006132,-73.928247571,40.73275887045087,-73.99581670761108
63 St & Borden Ave,63 St & Borden Ave,68,40.726623297,-73.903220296,40.72655,-73.90321
Grand Ave & 55 St,E New York Ave & Troy Ave,1,40.71888,-73.91427,40.66227,-73.93762
Adam Clayton Powell Blvd & W 118 St,Willis Ave & Bruckner Blvd,15,40.804199696,-73.951714158,40.805701,-73.925177
Schermerhorn St & Court St,Cleveland Pl & Spring St,20,40.6910363748993,-73.99201065301895,40.722103786686034,-73.99724900722504
Grand St & Elizabeth St,E 13 St & 2 Ave,180,40.718822,-73.99596,40.73153937464073,-73.9853024482727
Montrose Ave & Bushwick Ave,Broadway & Furman Ave,7,40.707635045,-73.940288544,40.68139,-73.90756
67 St & Erik Pl,Kosciuszko St & Nostrand Ave,2,40.633385,-74.016562,40.69072549,-73.95133465
Mt Morris Park W & W 120 St,E 41 St & Madison Ave (SW corner),1,40.804038,-73.945925,40.752165280621966,-73.97992193698882
Avenue D & E 3 St,Cedar St & Myrtle Ave,1,40.720890999,-73.978158116,40.697842,-73.926241
Mercer St & Bleecker St,8 Ave & W 52 St,10,40.72706363348306,-73.99662137031554,40.76370739,-73.9851615
Frederick Douglass Blvd & W 139 St,Bradhurst Ave & W 148 St,50,40.818797827,-73.944522738,40.825125,-73.941616
Lewis Ave & Greene Ave,Wyckoff Av & Stanhope St,5,40.689813256,-73.936410785,40.703545,-73.917775
Amsterdam Ave & W 79 St,Sherman Ave & Thayer St,1,40.783249497,-73.978622198,40.863124,-73.926994
Carlton Ave & St Marks Ave,Broadway & Madison St,20,40.678951383,-73.971896648,40.68822,-73.91966
61 St & Queens Blvd,72 St & Northern Blvd,3,40.740959764,-73.902782798,40.75473,-73.89458
E 161 St & River Ave,Broadway & W 38 St,1,40.827957034,-73.927197933,40.7529728216068,-73.98734897375107
99 St & 58 Ave,Queens Blvd & Broadway,14,40.73761,-73.85959,40.73672,-73.87728
Boston Rd & Prospect Ave,E 201 St & Briggs Ave,4,40.833264709,-73.896712184,40.87207,-73.88459
53 St & 2 Ave,Albee Square W & Fulton St,3,40.647572875,-74.018870234,40.69068758614303,-73.98347854614258
Broadway & E 19 St,11 Ave & Prospect Ave,2,40.73866091428551,-73.98987293243407,40.65629,-73.977335
W 15 St & 6 Ave,Bond St & Bergen St,3,40.738210559,-73.996685028,40.6849668,-73.98620772
43 St & 37 Ave,Jackson Ave & 46 Rd,3,40.750168085,-73.920199752,40.74524768,-73.94733276
Parkside Ave & Parade Pl,Classon Ave & St Marks Ave,13,40.6532,-73.96639,40.676513,-73.959431
Amsterdam Ave & W 73 St,Allen St & Hester St,5,40.779505372,-73.98060298,40.71605866,-73.99190759
Lexington Ave & E 127 St,3 Ave & E 163 St,4,40.805912852,-73.936233401,40.823872,-73.908699
53 St & Flushing Ave,Irving Ave & DeKalb Ave,18,40.714333296,-73.913967729,40.7027,-73.92095
Edgecombe Ave & W 145 St,Hudson Blvd W & W 36 St,1,40.82341218,-73.943874002,40.75676475086503,-73.99971440439913
W 52 St & 5 Ave,W 36 St & 9 Ave,24,40.760192752,-73.976688147,40.75462324029105,-73.99516761302948
W 95 St & Broadway,Central Park W & W 91 St,474,40.793535709,-73.972040534,40.78866499127884,-73.96680057048798
Amsterdam Ave & W 131 St,Jerome Ave & Ogden Ave,2,40.816374063,-73.954349518,40.829797,-73.931015
Madison St & Evergreen Ave,7 Ave & Park Pl,8,40.69130528,-73.91676259,40.6776147,-73.97324283
Dahill Rd & 12 Ave,7 Ave & 40 St,15,40.645919442,-73.980916023,40.648169,-74.000057
E 58 St & 1 Ave (NW Corner),53 St & Roosevelt Ave,2,40.759125,-73.962658,40.74462,-73.91143
LaGuardia Pl & W 3 St,Flushing Ave & Vanderbilt Ave,3,40.72917025,-73.99810231,40.69795031569544,-73.97077560424805
St. Ann's Ave & E 144 St,Lincoln Ave & E 134 St,2,40.811112,-73.914932,40.808484,-73.928803
E 76 St & Park Ave,West Thames St,2,40.7737602,-73.962397695,40.70834698,-74.01713445
Lenox Ave & W 115 St,Walton Ave & E 151 St,1,40.801138163,-73.950213313,40.82090903827738,-73.92753845245076
31 St & Thomson Ave,Clinton Ave & Flushing Ave,3,40.74469738,-73.93540375,40.69794,-73.96986848
31 Ave & Crescent St,Riverside Dr & W 72 St,1,40.765859008,-73.926661611,40.78057799010334,-73.98562431335449
Kingsland Ave & Nassau Ave,Brooklyn Bridge Park - Pier 2,7,40.725605369,-73.941602826,40.698458,-73.997178
College Ave & E 170 St,Creston Ave & E 181 St,1,40.837400079,-73.910372615,40.8549,-73.90281
Grand Concourse & E Mount Eden Ave,Cathedral Pkwy & Broadway,1,40.843121767,-73.911764503,40.804213,-73.96699104
Pacific St & Nevins St,Bond St & Bergen St,68,40.6853761,-73.98302136,40.6849668,-73.98620772
Dwight St & Van Dyke St,Union St & Bedford Ave,2,40.673565626,-74.011958122,40.6691783,-73.9554162
Graham Ave & Grand St,2 Ave & E 31 St,3,40.711790919,-73.943982244,40.74299,-73.97711
E 48 St & 3 Ave,E 94 St & Madison Ave,7,40.7546011026,-73.971878855,40.78585105291389,-73.95482444378061
Kent Ave & Grand St,Bergen St & Smith St,14,40.716436863,-73.965919375,40.6867443,-73.99063168
Menahan St & Seneca Ave,60 Pl & Bleecker St,24,40.704628825,-73.91055727,40.71,-73.9
Kent Ave & N 7 St,Congress St & Clinton St,10,40.72036775298455,-73.96165072917938,40.68825516598005,-73.99545192718506
Greenwich Ave & 8 Ave,Mt Morris Park W & W 120 St,3,40.7390486,-74.002441168,40.804038,-73.945925
Courtlandt Ave & E 149 St,Jerome Ave & Ogden Ave,11,40.816385031,-73.919591546,40.829797,-73.931015
Schenectady Ave & President St,Macon St & Lewis Ave,1,40.667511702,-73.934042811,40.68282,-73.93488
E 16 St & Irving Pl,W 11 St & 6 Ave,191,40.735367055605394,-73.98797392845154,40.73532427,-73.99800419
Henry St & Atlantic Ave,E 25 St & 1 Ave,2,40.69089272,-73.99612349,40.7381765,-73.97738662
Court St & Nelson St,6 Ave & W 45 St,1,40.676232696,-73.998888135,40.756951,-73.982631
Rivington St & Chrystie St,Henry St & Remsen St,22,40.721223593,-73.991997361,40.69400964865994,-73.99465128779411
Leonard St & Boerum St,Parkside Ave & Flatbush Ave,2,40.70583339,-73.94644578,40.65563,-73.95968
Coffey St & Conover St,W 21 St & 6 Ave,3,40.677236,-74.015665,40.74173969,-73.99415556
Winthrop St & Rogers Ave,Broadway & Whipple St,9,40.656895638,-73.95349884,40.7016657,-73.9437303
Bialystoker Pl & Delancey St,5 Ave & E 30 St,10,40.71622644,-73.98261206,40.7459849,-73.98629487
E 201 St & Briggs Ave,E 157 St & River Ave,1,40.87187624,-73.884869814,40.825737,-73.927311
44 Dr & Jackson Ave,65 Ln & Metropolitan Ave,2,40.747340083,-73.943076611,40.7123,-73.89397
W 15 St & 6 Ave,Avenue D & E 3 St,79,40.738210559,-73.996685028,40.72082834,-73.97793172
Greene Ave & Throop Ave,Banker St & Meserole Ave,3,40.6894932,-73.942061,40.72606,-73.95621
Broadway & W 133 St,Adam Clayton Powell Blvd & W 132 St,27,40.819238544,-73.955951691,40.813539,-73.94521
Fulton St & Saratoga Ave,Albany Ave & Carroll St,1,40.678559542,-73.916553259,40.6667,-73.93972
Verona Pl & Fulton St,Eastern Pkwy & Brooklyn Ave,7,40.6803560840434,-73.9476791024208,40.66939,-73.94514
Morgan Ave & Lombardy St,40 Ave & 9 St,1,40.722375631,-73.938752532,40.75742,-73.945133
Fulton St & William St,Gramercy Park N & Gramercy Park E,5,40.70976603,-74.006911516,40.73795,-73.98509
N 5 St & Northside Piers,Underhill Ave & Pacific St,27,40.74227368333333,-73.95420061666667,40.6804836,-73.9646795
E 53 St & 3 Ave,Carlton Ave & Flushing Ave,1,40.757470489,-73.96942699,40.697787,-73.973736
Cadman Plaza E & Tillary St,W 42 St & 8 Ave,2,40.69597683,-73.99014892,40.7575699,-73.99098507
E 91 St & 2 Ave,Willow Ave & E 133 St,5,40.781266332,-73.95008719,40.800933,-73.913863
Riverside Dr & Broadway,Atlantic Ave & Fort Greene Pl,2,40.865522981,-73.928068161,40.68382604,-73.97632328
E 7 St & Avenue A,3 Ave & E 71 St,2,40.72621788,-73.98379855,40.76873687,-73.96119945
24 Ave & 29 St,Willow Ave & E 133 St,6,40.772869349,-73.916100979,40.800933,-73.913863
Willoughby Ave & Walworth St,E 75 St & 3 Ave,2,40.693323016,-73.953851104,40.77112927,-73.95772297
Dawson St & Intervale Ave,St. Nicholas Ave & W 126 St,1,40.81992054,-73.89731288,40.8114323,-73.9518776
Pacific St & Thomas S. Boyland St,President St & Nostrand Ave,1,40.67568,-73.91396,40.66811,-73.9505
E 43 St & 2 Ave,Adelphi St & Myrtle Ave,1,40.750052691,-73.971054316,40.69308257,-73.97178913
W 20 St & 8 Ave,Adams St & Prospect St,4,40.74345335,-74.00004031,40.70076308326151,-73.98869812488556
Academy St & Nagle Ave,Lincoln Ave & E 134 St,8,40.862562,-73.922661,40.808484,-73.928803
Andrews Ave S & W 179 St,Aqueduct Ave & W 190 St,4,40.855207682,-73.912892222,40.8649213,-73.9024238
Crescent St & 34 Ave,28 St & 36 Ave,310,40.761114597,-73.930639386,40.757186,-73.932719
Central Park West & W 85 St,2 Ave & E 125 St,9,40.78476,-73.969862,40.802554,-73.933509
Grand Concourse & E Mosholu Pkwy S,Macombs Rd & W 175 St,1,40.877871633,-73.884932041,40.848177,-73.916082
E 43 St & 2 Ave,Lafayette St & Jersey St,27,40.750052691,-73.971054316,40.72456089,-73.99565293
21 St & 31 Dr,Knickerbocker Ave & Thames St,1,40.765814185,-73.931052685,40.70539,-73.92976
Greenwich St & Hubert St,Madison St & Clinton St,12,40.721112609,-74.010003805,40.71269042,-73.98776323
E 7 St & Avenue A,Dean St & Rockaway Ave,1,40.72621788,-73.98379855,40.67486,-73.91123
75 St & Roosevelt Ave,51 Ave & Junction Blvd,18,40.74668014,-73.890368223,40.74087,-73.86772
Lexington Ave & E 29 St,Stagg St & Union Ave,7,40.74311555376486,-73.98215353488922,40.70877084,-73.95095259
Central Park West & W 68 St,62 St & 43 Ave,3,40.7734066,-73.97782542,40.74261,-73.903
W 27 St & 7 Ave,Riverside Dr & W 78 St,24,40.746647,-73.993915,40.78414472,-73.98362492
Clinton Ave & Myrtle Ave,Stanton St & Norfolk St,12,40.693383813,-73.969046354,40.720747,-73.986274
College Ave & E 169 St,Grand Ave & W 181 St,11,40.835073709,-73.911969423,40.856302,-73.907302
37 Ave & 35 St,Lexington Ave & E 36 St,2,40.753327966,-73.927815914,40.7475739589548,-73.9788007736206
Buchanan Pl & Grand Ave,Seaman Ave & Beak St,3,40.85834,-73.90626,40.867505,-73.926363
Ithaca St & Baxter Ave,71 St & 32 Ave,4,40.74638,-73.88322,40.75675,-73.89595
Washington Pl & 6 Ave,Stagg St & Morgan Ave,6,40.732184172,-74.000214338,40.710681,-73.93372
E 142 St & 3 Ave,Longwood Ave & Southern Blvd,3,40.812675476,-73.923621774,40.816343,-73.896447
Lafayette St & Jersey St,Broadway & W 36 St,46,40.72469306,-73.996028662,40.75097711,-73.98765428
Park Pl & Franklin Ave,23 St & 3 Ave,1,40.6741806,-73.9564947,40.662611,-73.998623
E 85 St & 3 Ave,W 84 St & Columbus Ave,326,40.777971506,-73.954350471,40.78499979,-73.97283406
W 11 St & 6 Ave,Murray St & West St,27,40.73532427,-73.99800419,40.71503,-74.01246
30 Ave & 41 St,60 Pl & Linden St,2,40.763422,-73.914142,40.70886,-73.90182
E 114 St & 1 Ave,Riverside Dr & W 78 St,1,40.7945663,-73.9362541,40.78414472,-73.98362492
Bond St & Fulton St,57 St & 4 Ave,5,40.6896218879,-73.9830426872,40.642622,-74.016866
23 Ave & 27 St,E 102 St & Park Ave,2,40.77615273,-73.915280223,40.7904828,-73.95033068
W 44 St & 5 Ave,Pike St & E Broadway,18,40.75500254,-73.98014437,40.71406667,-73.99293911
E 103 St & Lexington Ave,E 27 St & 1 Ave,2,40.790352345,-73.947440267,40.739445,-73.976806
Broadway & W 56 St,Astoria Park S & Shore Blvd,3,40.765235424,-73.982393384,40.7767,-73.927631
W 89 St & Columbus Ave,Orchard St & Grand St,3,40.788334727,-73.970672011,40.717318403855785,-73.99067759513855
Jerome Ave & E 198 St,Plaza Dr & W 170 St,3,40.87144520687118,-73.89289632439613,40.840484,-73.917946
Central Ave & Weirfield St,Eastern Pkwy & Troy Ave,2,40.690575361,-73.911887169,40.66929,-73.93679
Murray St & Greenwich St,Menahan St & Wyckoff Ave,1,40.714738369,-74.011013865,40.70113,-73.91422
Metropolitan Ave & 65 Ln,Metropolitan Ave & 65 Ln,200,40.712285638,-73.890944362,40.71225,-73.89111
Rogers Ave & Lincoln Rd,Ocean Ave & Crooke Ave,13,40.661248565,-73.953533649,40.65326,-73.96172
W 22 St & 8 Ave,E 9 St & 5 Ave,114,40.74475148,-73.99915362,40.73275887045087,-73.99581670761108
Devoe St & Lorimer St,Halsey St & Evergreen Ave,2,40.713380694,-73.949096441,40.68858,-73.91227
Bond St & Fulton St,Washington Pl & Broadway,3,40.6896218879,-73.9830426872,40.72903917,-73.99404649
Willoughby Ave & Wyckoff Ave,Warren St & W Broadway,1,40.705501199,-73.921623588,40.71473993,-74.00910627
N 5 St & Northside Piers,W 46 St & 11 Ave,3,40.74227368333333,-73.95420061666667,40.76341379,-73.99667444
Clermont Ave & Park Ave,MacDonough St & Marcy Ave,10,40.695676208,-73.971269727,40.68078,-73.94613
Church St & Worth St,Ft. Hamilton Pkwy & E 5 St,1,40.716809869,-74.006138086,40.649037,-73.97673
Washington Pl & 6 Ave,W 165 St & Fort Washington Ave,1,40.732184172,-74.000214338,40.84004,-73.942939
Rivington St & Ridge St,Norfolk St & Broome St,669,40.71849978,-73.983341455,40.7172274,-73.98802084
Madison Ave & E 99 St,E 149 St & Morris Ave,2,40.78948541553215,-73.95242929458618,40.81734,-73.922962
Columbus Ave & W 103 St,E 123 St & Lexington Ave,10,40.797181606,-73.964235306,40.8029263,-73.9379
Tilden Ave & Nostrand Ave,Stagg St & Morgan Ave,1,40.646845698,-73.949517369,40.710681,-73.93372
Bridge St & Water St,Devoe St & Lorimer St,17,40.702486753,-73.984698534,40.71335226222875,-73.9491033554077
2 Ave & E 125 St,Jerome Ave & Anderson Ave,1,40.802502513,-73.933543682,40.830179,-73.928747
E 17 St & Broadway,John St & William St,88,40.736911416,-73.989566684,40.70862144,-74.00722156
Knickerbocker Ave & George St,53 Ave & 62 St,1,40.704356432,-73.928249002,40.73169,-73.90159
Brook Ave & E 141 St,Amsterdam Ave & W 131 St,13,40.809687138,-73.917818427,40.816355,-73.954295
E 167 St & Bryant Ave,Rogers Pl & E 165 St,6,40.826785803,-73.888575315,40.82388366441761,-73.8974027708582
Duffield St & Willoughby St,E 31 St & 3 Ave,4,40.69221589,-73.9842844,40.74394314,-73.97966069
Barclay St & Church St,Centre St & Worth St,118,40.71291224,-74.01020234,40.71494807,-74.00234482
Gansevoort St & Hudson St,Central Park W & W 97 St,4,40.739357948,-74.005149841,40.79249519495111,-73.96417066463071
5 St & Market St,Prospect Park SW & 10 Ave,1,40.699968934,-73.974680066,40.659945,-73.977504
Broadway & W 131 St,W 50 St & 10 Ave,6,40.81750679,-73.957184076,40.76473420006519,-73.99194359779358
Sterling Pl & 5 Ave,21 St & 4 Ave,30,40.678970070475735,-73.97855266928671,40.662584,-73.995554
Melrose Ave & E 150 St,Bainbridge Ave & E 198 St,3,40.816992998,-73.917337894,40.8684871,-73.8884559781
E 135 St & St Ann's Ave,5 Ave & E 72 St,1,40.805093288,-73.918996572,40.77282817,-73.96685276
Caton Ave & Bedford Ave,Smith St & 9 St,1,40.65232265,-73.956163168,40.6746957,-73.99785768
Maple St & New York Ave,46 St & 6 Ave,1,40.66104,-73.94795,40.645921,-74.005708
91 St & 23 Ave,South Railroad Ave & Broadway,1,40.76768,-73.87899,40.741,-73.88027
Bradley Ave & Greenpoint Ave,Broadway & Whipple St,3,40.73565914819229,-73.93478840589523,40.7016657,-73.9437303
Old Fulton St,Kingston Ave & Park Pl,2,40.70277159,-73.99383605,40.67308,-73.94191
Parkside Ave & Parade Pl,Plaza St East & Flatbush Ave,118,40.6532,-73.96639,40.673134,-73.969106
Ft. Hamilton Pkwy & E 2 St,6 Ave & 55 St,5,40.648005,-73.979342,40.640831,-74.010996
Greenwich St & Rector St,Graham Ave & Withers St,3,40.70806582380646,-74.0135595202446,40.7169811,-73.94485918
E 17 St & 2 Ave,St Nicholas Ave & W 134 St,2,40.734443188,-73.984071136,40.816234,-73.948222
Pinehurst Ave & W 187 St,E 84 St & 1 Ave,3,40.855240583,-73.937902808,40.77565541,-73.95068615
E 16 St & Cortelyou Rd,Columbia St & W 9 St,5,40.641748905,-73.963624835,40.6769993,-74.00647134
Washington Ave & Empire Blvd,John St & William St,1,40.66314,-73.9605695,40.70862144,-74.00722156
E 123 St & Lexington Ave,Central Park West & W 68 St,5,40.8029263,-73.9379,40.7734066,-73.97782542
Stockholm St & Wilson Ave,DeKalb Ave & Franklin Ave,47,40.699381948,-73.922830224,40.69064807082943,-73.95746178925037
E 167 St & Bryant Ave,Broadway & W 160 St,1,40.826785803,-73.888575315,40.835775,-73.9434
Stewart Ave & Johnson Ave,53 St & Roosevelt Ave,4,40.70869,-73.92587,40.74462,-73.91143
Sigourney St & Columbia St,44 St & 6 Ave,3,40.672755957,-74.009055138,40.647105,-74.004483
Amsterdam Ave & W 175 St,W 36 St & 7 Ave,1,40.844044,-73.933651,40.752149,-73.989539
W 106 St & Amsterdam Ave,West St & Chambers St,36,40.8008363,-73.9664492472,40.71754834,-74.01322069
Summerfield St & Cypress Ave,Clinton St & Grand St,2,40.696525574,-73.900657415,40.71559509,-73.9870295
Park Pl & Franklin Ave,Greene Ave & Throop Ave,26,40.6741806,-73.9564947,40.6894932,-73.942061
18 St & 27 Ave,E 44 St & Lexington Ave,9,40.772572756,-73.927370667,40.752643,-73.974996
Plaza St East & Flatbush Ave,Forsyth St & Broome St,7,40.673179746,-73.969145536,40.71893904,-73.99266288
Columbia St & Rivington St,Humboldt St & Varet St,3,40.71739912,-73.980182528,40.7031724,-73.940636
Grand Army Plaza & Central Park S,Astoria Park S & Shore Blvd,1,40.764330387,-73.973945856,40.7767,-73.927631
Stuyvesant Ave & Gates Ave,Lafayette St & Jersey St,2,40.688373208,-73.933134913,40.72456089,-73.99565293
Broadway & Morris St,Bleecker St & Crosby St,105,40.706355214,-74.01322782,40.72615604980408,-73.99510189890862
5 St & Market St,Great Jones St,2,40.699968934,-73.974680066,40.72743423,-73.99379025
Greene Ave & Throop Ave,Market St & Henry St,1,40.6894932,-73.942061,40.71310702305908,-73.99446353316307
5 Ave & E 103 St,W 16 St & The High Line,5,40.792052388,-73.952851176,40.74334935,-74.00681753
43 St & 35 Ave,N 10 St & Berry St,2,40.754311919,-73.919432402,40.720253,-73.957082
Washington Pl & 6 Ave,Warren St & W Broadway,47,40.732184172,-74.000214338,40.71473993,-74.00910627
Franklin Ave & Myrtle Ave,State St & Smith St,11,40.694591761,-73.958139062,40.68917,-73.9886
Rogers Ave & Lincoln Rd,Kingston Ave & Carroll St,6,40.661248565,-73.953533649,40.66688,-73.9425
Pitt St & Stanton St,11 Ave & W 27 St,5,40.719210148,-73.981800079,40.751396,-74.005226
Bergen St & Vanderbilt Ave,Union Ave & Jackson St,29,40.6794388,-73.9680438,40.7160751,-73.952029
E 33 St & 1 Ave,Elmhurst Ave & Forley St,1,40.74322681432173,-73.97449783980846,40.74615,-73.87763
Ocean Ave & Crooke Ave,36 St & 4 Ave,2,40.653441787,-73.961573601,40.654144,-74.00422
Sharon St & Olive St,Canal St & Rutgers St,12,40.715351105,-73.93839097,40.71427487,-73.98990025
19 St & 24 Ave,50 St & Northern Blvd,9,40.7774552,-73.9225403,40.753441,-73.912402
Bushwick Ave & Powers St,Wilson Ave & Moffat St,5,40.71233511,-73.940983415,40.68906,-73.90506
E 171 St & Webster Ave,W Tremont Ave & Montgomery Ave,3,40.83838141,-73.905800581,40.851788,-73.916418
3 St & Hoyt St,Willoughby Ave & Tompkins Ave,2,40.6777287,-73.99364123,40.69425403,-73.94626915
E 3 St & 1 Ave,Adams St & Prospect St,3,40.724636793,-73.98818934,40.70076308326151,-73.98869812488556
Stockholm St & Wilson Ave,E 5 St & Ave A,1,40.699381948,-73.922830224,40.72479007746337,-73.98430064320564
Coffey St & Ferris St,3 Ave & Wakeman Pl,2,40.67818387977647,-74.0170168876648,40.638246,-74.024714
Amsterdam Ave & W 79 St,E 2 St & 2 Ave,9,40.783249497,-73.978622198,40.72502876,-73.99069656
E 3 St & 1 Ave,Lewis Ave & Kosciuszko St,3,40.724636793,-73.98818934,40.69237074,-73.93705428
River Ave & McClellan St,Mount Eden Pkwy & Eastburn Ave,6,40.834099174,-73.922465682,40.842675,-73.908544
Macon St & Lewis Ave,Union St & Bedford Ave,13,40.68282,-73.93488,40.6691783,-73.9554162
Rockaway Ave & Bainbridge St,Water St &  Fletcher St,1,40.683312535,-73.911677122,40.706410755236135,-74.00559738278389
W 106 St & Amsterdam Ave,7 Ave & Central Park South,121,40.8008363,-73.9664492472,40.7667405590595,-73.9790689945221
Central Park North & Adam Clayton Powell Blvd,Suffolk St & Stanton St,4,40.799484,-73.955613,40.72066442,-73.98517977
11 Ave & Prospect Ave,Jay St & York St,2,40.65629,-73.977335,40.70140317257725,-73.98672670125961
Driggs Ave & N Henry St,Riverside Dr & W 78 St,1,40.723228812,-73.943005681,40.78414472,-73.98362492
Palmetto St & Traffic Ave,Union Ave & N 12 St,3,40.70929,-73.89441,40.71924,-73.95242
Suffolk St & Stanton St,Henry St & Degraw St,3,40.720575213,-73.985178351,40.6847514,-73.99917254
W 43 St & 10 Ave,Bushwick Ave & Furman Ave,3,40.760159373,-73.994736791,40.68281,-73.90623
W 21 St & 6 Ave,Jefferson St & Cypress Ave,2,40.74173969,-73.99415556,40.70907,-73.92157
Clinton St & Cherry St,Leonard St & Maujer St,14,40.711471394469264,-73.98672603070736,40.7103685423523,-73.94705951213837
27 St & Hunter St,8 St & Astoria Blvd,20,40.7339816,-73.95196175,40.7725996921817,-73.93266275525093
Bank St & Hudson St,John St & William St,22,40.736521482,-74.006094813,40.70862144,-74.00722156
W 87 St & Amsterdam Ave,W 104 St & Amsterdam Ave,394,40.788469791,-73.97492528,40.79904139288298,-73.96649479866028
Pacific St & Nevins St,Lawrence St & Willoughby St,124,40.6853761,-73.98302136,40.69236178,-73.98631746
Ditmars Blvd & 48 St,34th Ave & Vernon Blvd,3,40.769219,-73.901001,40.76535380385866,-73.93986314535141
Nassau Ave & Newell St,Greenwich Ave & Charles St,1,40.724812564400175,-73.94752621650696,40.735238,-74.000271
W 24 St & 7 Ave,Lafayette St & Grand St,68,40.74487634,-73.99529885,40.72028,-73.99879
Cathedral Pkwy & Broadway,St Marks Pl & 2 Ave,4,40.804301977,-73.96718359,40.7284186,-73.98713956
S 4 St & Rodney St,Eastern Pkwy & Kingston Ave,3,40.709375739,-73.956113458,40.66959,-73.94237
31 St & Thomson Ave,Division Ave & Hooper St,1,40.74469738,-73.93540375,40.70684203101325,-73.9544353965357
9 Ave & W 39 St,Central Park W & W 97 St,26,40.756261945,-73.994197488,40.79249519495111,-73.96417066463071
Putnam Ave & Knickerbocker Ave,Park Pl & Franklin Ave,5,40.695423722,-73.911662459,40.6741806,-73.9564947
W 15 St & 7 Ave,7 Ave & 20 St,4,40.73935542,-73.99931783,40.659053,-73.98854
Dean St & Rockaway Ave,Rivington St & Chrystie St,2,40.674828053,-73.911303043,40.72110063,-73.9919254
2 Av & 37 St,2 Ave & 36 St,15,40.656326,-74.009627,40.65708866668485,-74.00870203971863
Broadway & Berry St,Rogers Ave & Lincoln Rd,4,40.710395098,-73.965435743,40.66127,-73.95352
Lewis Ave & Madison St,Thomas S. Boyland St & Marion St,5,40.68622458,-73.935762763,40.6814658848122,-73.91415685415268
Van Dam St & Meeker Ave,Degraw St & Hoyt St,1,40.725432277,-73.936857343,40.68199044270703,-73.99079024791718
W 53 St & 10 Ave,Mott St & Prince St,32,40.76669671,-73.99061728,40.72317958,-73.99480012
7 Ave & Central Park South,Pillar E 41 St & Madison Ave (SE Corner),2,40.766462564,-73.9791646,40.7521,-73.97968
36 St & 3 Ave,E 3 St & Church Ave,6,40.655890226,-74.006883383,40.643817,-73.977433
1 Ave & E 94 St,Tiebout Ave & E 184 St,4,40.7817212,-73.94594,40.858498,-73.89637
60 Pl & Linden St,Vesey St & Church St,1,40.708690882,-73.901781797,40.71221958009051,-74.01047229766846
E 82 St & East End Ave,36 St & 47 Ave,1,40.772619367,-73.946921349,40.74221834996096,-73.92935156822205
1 Ave & E 68 St,3 Ave & Franklin Ave,2,40.765139461,-73.95811069,40.82696,-73.907451
Shakespeare Ave & W 169 St,FDR Drive & E 35 St,2,40.839512467,-73.922474146,40.744219,-73.97121214
Broadway & Morris St,W 37 St & Broadway,10,40.706355214,-74.01322782,40.75227093837409,-73.98770570755005
E 1 St & Bowery,Old Fulton St,10,40.72476685,-73.99219799,40.70277159,-73.99383605
E 30 St & Park Ave S,8 Ave & W 16 St,52,40.744442701,-73.983003855,40.740983,-74.001702
14 St & 5 Ave,Suydam St & St. Nicholas Ave,2,40.666405439,-73.989104271,40.70636,-73.91945
5 Ave & 41 St,2 Ave & E 31 St,1,40.649983,-74.005144,40.74299,-73.97711
E 9 St & Avenue C,1 Ave & E 18 St,114,40.725150347,-73.97761178,40.73381219196632,-73.98054420948029
E 97 St & 3 Ave,38 St & 30 Ave,1,40.7859201,-73.94860294,40.764174520197685,-73.91583994030952
27 St & Hunter St,Roebling St & N 4 St,7,40.7339816,-73.95196175,40.71469,-73.95739
W 56 St & 6 Ave,36 St & 3 Ave,10,40.763491511,-73.977682948,40.655716,-74.006664
50 St & Northern Blvd,55 Dr & Maurice Ave,1,40.753584027,-73.912268996,40.7261,-73.90917
E 20 St & FDR Dr,Wilson Ave & Troutman St,4,40.733222723,-73.976031542,40.70166,-73.92754
21 St & 31 Dr,E 16 St & Irving Pl,1,40.765814185,-73.931052685,40.735367055605394,-73.98797392845154
Stagg St & Morgan Ave,Sterling Pl & Rochester Ave,3,40.71066761,-73.933705926,40.67128,-73.92825
E 72 St & Park Ave,Carroll St & 5 Ave,3,40.77146852,-73.964565396,40.6751622,-73.9814832
Menahan St & Wyckoff Ave,E 19 St & 3 Ave,1,40.701102257,-73.914266348,40.73624527,-73.98473765
West Farms Rd & Boone Ave,Washington Ave & E 167 St,4,40.830278397,-73.886189818,40.829896,-73.907618
Carroll St & Washington Ave,Johnson St & Gold St,3,40.668667436,-73.961723685,40.69474881,-73.98362464
W 54 St & 9 Ave,Greenwich St & W Houston St,42,40.76584941,-73.98690506,40.728846,-74.008591
Broadway & W 51 St,Pillar E 41 St & Madison Ave (SE Corner),1,40.762129784,-73.983741999,40.7521,-73.97968
E 34 St & Linden Blvd,Parkside Ave & Flatbush Ave,3,40.653006673,-73.945947051,40.65563,-73.95968
Church Ave & Story St,7 Ave & 40 St,24,40.642008424,-73.981026292,40.648169,-74.000057
Beaver St & Fayette St,W 42 St & 6 Ave,3,40.70099,-73.93921,40.75492,-73.98455
Pearl St & York St,Lewis Ave & Kosciuszko St,2,40.70140463410644,-73.98768022656441,40.69237074,-73.93705428
1 Ave & E 6 St,Manhattan Ave & Leonard St,2,40.72633085971696,-73.98616880178452,40.72084,-73.94844
Flushing Ave & Woodward Ave,Stanhope St & Fairview Ave,17,40.712459683,-73.918709278,40.70998,-73.91116
5 Ave & E 103 St,8 Ave & W 31 St,10,40.792052388,-73.952851176,40.7505853470215,-73.9946848154068
51 Ave & Alstyne Ave,61 St & Laurel Hill Blvd,1,40.743013382,-73.85744679,40.7388,-73.90338
Myrtle Ave & Marcy Ave,Menahan St & Central Ave,21,40.69539817,-73.94954908,40.69543,-73.9196
W 111 St & 5 Ave,Brook Ave & E 141 St,4,40.79752078124756,-73.9489397406578,40.809619,-73.917875
Church Ave & E 42 St,Lott St & Erasmus St,5,40.651307106,-73.938356876,40.64949,-73.95408
12 Ave & W 40 St,Delancey St & Eldridge St,23,40.76087502,-74.00277668,40.719383,-73.991479
E 167 St & Franklin Ave,Macombs Pl & W 152 St,1,40.829034925,-73.905351162,40.826406,-73.937948
Albany Ave & Carroll St,Lafayette Ave & Ft Greene Pl,4,40.6667,-73.93972,40.68700231292619,-73.97664964199066
Motorgate,West St & Chambers St,3,40.764103055,-73.947868705,40.71754834,-74.01322069
S 4 St & Rodney St,Central Park West & W 76 St,1,40.709375739,-73.956113458,40.77896784,-73.97374737
2 Ave & E 31 St,5 Ave & E 63 St,31,40.74299,-73.97711,40.766368,-73.971518
E 26 St & 3 Ave,Grand Concourse & E 164 St,5,40.740640044,-73.981532574,40.829608,-73.921461
5 Ave & E 93 St,Cathedral Pkwy & Broadway,49,40.785719633,-73.957667351,40.804213,-73.96699104
W 42 St & 8 Ave,E 33 St & 5 Ave,194,40.757864475,-73.990620971,40.74765947,-73.98490707
Broadway & W 238 St,Broadway & W 234 St,21,40.885320067,-73.900696754,40.88185,-73.90291
Home St & Westchester Ave,Mt Morris Park W & W 120 St,2,40.827674508,-73.88662684,40.804038,-73.945925
Broadway & W 122 St,Carmine St & 6 Ave,5,40.812065363,-73.961170197,40.73038599,-74.00214988
Myrtle Ave & Fleet Pl,Stagg St & Union Ave,6,40.693534,-73.981909,40.70877084,-73.95095259
Carroll St & Washington Ave,Carlton Ave & Flushing Ave,5,40.668667436,-73.961723685,40.697787,-73.973736
E 55 St & 2 Ave,Vesey St & Church St,11,40.75789237,-73.966280699,40.71221958009051,-74.01047229766846
E 84 St & Park Ave,6 Ave & Walker St,2,40.77862688,-73.95772073,40.7197920901383,-74.0052238852195
W 120 St & Claremont Ave,Frederick Douglass Blvd & Harlem River Dr,1,40.810930252,-73.963461637,40.830702,-73.936371
Meserole Ave & Manhattan Ave,Ft. Hamilton Pkwy & E 2 St,7,40.726977706,-73.952971458,40.648005,-73.979342
W 22 St & 8 Ave,E 14 St & Avenue B,30,40.74475148,-73.99915362,40.72938685,-73.97772429
W 45 St & 8 Ave,Albee Square W & Fulton St,1,40.759339094,-73.98865056,40.69068758614303,-73.98347854614258
53 St & Roosevelt Ave,Forley St & Lamont Ave,1,40.74462,-73.91143,40.74463,-73.87386
MacDonough St & Marcy Ave,5 Ave & 3 St,8,40.68078,-73.94613,40.6728155,-73.98352355
5 Ave & W 131 St,49 Ave & 21 St,1,40.810112476,-73.939743519,40.74252,-73.948852
E 115 St & Madison Ave,W 190 St & Broadway,1,40.798888683,-73.944909334,40.85648733523576,-73.93296986818314
E 19 St & 3 Ave,McKibbin St & Manhattan Ave,2,40.736419082,-73.98459816,40.70510918,-73.94407279
Columbus Ave & W 72 St,W 33 St & 10 Ave,93,40.776818037,-73.979180694,40.75377336836039,-73.99937599897385
Lincoln Pl & Nostrand Ave,Boerum St & Broadway,2,40.670730472,-73.950621724,40.70538077,-73.94976519
University Pl & E 8 St,Bank St & Hudson St,81,40.731328011,-73.995079041,40.73652889,-74.00618026
Willoughby Ave & Onderdonk Ave,Underhill Ave & Lincoln Pl,2,40.7098,-73.91727,40.6740123,-73.9671457
Newtown Ave & 23 St,Skillman Ave & 54 St,2,40.7713615,-73.9246145,40.745502,-73.909887
Halsey St & Tompkins Ave,Wyckoff Ave & Stanhope St,8,40.682409048,-73.943931818,40.703545,-73.917775
Metropolitan Ave & Bedford Ave,White St & Moore St,102,40.715335727,-73.960181952,40.704508,-73.9351
Amsterdam Ave & W 79 St,E 123 St & Lexington Ave,9,40.783249497,-73.978622198,40.8029263,-73.9379
Dean St & Hoyt St,Norman St & Wyckoff Ave,1,40.686319828,-73.987413645,40.69517,-73.90311
Kent Ave & N 7 St,George St & Wilson Ave,19,40.72036775298455,-73.96165072917938,40.702997,-73.92997
W 31 St & 7 Ave,21 St & 38 Ave,1,40.749156,-73.9916,40.7576314,-73.9391224
6 Ave & Canal St,Duane St & Hudson St,66,40.72246933,-74.005631685,40.71703,-74.00925
Boerum St & Broadway,46 Ave & 5 St,1,40.70538077,-73.94976519,40.74731,-73.95451
Morris Ave & E Burnside Ave,Paul Ave & W 205 St,3,40.85330832,-73.90550673,40.87704,-73.88943
Stanhope St & Fairview Ave,Central Ave & Starr Street,25,40.710085988,-73.911112905,40.700003,-73.92834
Broadway & Hancock St,Lewis Ave & Madison St,12,40.686690211,-73.916788936,40.686312,-73.935775
E 149 St & Jackson Ave,Grand Concourse & East Mount Eden Ave,8,40.813130975,-73.909318328,40.84301,-73.91172
Bleecker St & Forest Ave,19 St & 8 Ave,1,40.710682869,-73.905311227,40.658489,-73.985543
Greenwich St & Rector St,India St & Manhattan Ave,2,40.70806582380646,-74.0135595202446,40.73232194,-73.9550858
Hudson St & Reade St,Clarkson Ave & Nostrand Ave,1,40.7115935,-74.01065933333334,40.6555,-73.94975
E 8 St & Caton Ave,Prospect Pl & Nostrand Ave,2,40.648055,-73.972432,40.67428,-73.9503
Roebling St & N 4 St,40 St & Queens Blvd,7,40.714692235,-73.957479239,40.743540273428685,-73.92435193061829
Richardson St & N Henry St,Garfield Pl & 8 Ave,5,40.719096303,-73.94219923,40.6711978,-73.97484126
Driggs Ave & Lorimer St,N 6 St & Bedford Ave,325,40.721790791,-73.950433731,40.71745169,-73.95850939
W 29 St & 9 Ave,Fort Washington Ave & W 183 St,1,40.75000751,-73.998303175,40.852252,-73.937854
W 30 St & 8 Ave,West Broadway & Watts St,17,40.74930656,-73.994525552,40.72323,-74.00314
Roosevelt Ave & 104 St,Jackson Mill Rd & 93 St,1,40.749878287,-73.861593843,40.75874,-73.87535
Clarkson Ave & Nostrand Ave,Union Ave & Wallabout St,1,40.655524492,-73.94962132,40.70029511,-73.95032283
Albany St & Greenwich St,Greenpoint Ave & Manhattan Ave,4,40.709267,-74.013247,40.73026,-73.95394
57 St & Woodside Ave,36 St & Hunters Point Ave,4,40.74578861252213,-73.9072778339874,40.73781699881193,-73.93024072051048
E 10 St & 2 Ave,Grove St & Broadway,4,40.72970805644994,-73.9865979552269,40.69047,-73.923511
MacDonough St & Marcy Ave,Greene Ave & Throop Ave,215,40.68078,-73.94613,40.6894932,-73.942061
Fulton St & Broadway,Hoboken Terminal - River St & Hudson Pl,3,40.711410403,-74.009525657,40.7360676564825,-74.02912706136703
E 12 St & 3 Ave,E 2 St & Ave B,23,40.73223272,-73.98889957,40.72217444,-73.98368779
Midwood St & Kingston Ave,Schenectady Ave & President St,11,40.660644412,-73.942298889,40.66732,-73.93398
Amsterdam Ave & W 136 St,W Mosholu Pkwy S & Sedgwick Ave,1,40.819902539,-73.95170784,40.88226,-73.88702
2 Ave & E 31 St,3 St & 3 Ave,3,40.74299,-73.97711,40.6750705,-73.98775226
E 174 St & Longfellow Ave,3 Ave & E 169 St,38,40.836293936,-73.884314895,40.832678,-73.905158
Stratford Rd & Beverley Rd,Wilson Ave & Troutman St,1,40.64378,-73.96867,40.70166,-73.92754
W 84 St & Broadway,Park Ave & E 124 St,37,40.786754727,-73.976969004,40.8045555,-73.9396861
Morris Ave & E 142 St,E 118 St & Park Ave,3,40.814403415,-73.92501843,40.8005385,-73.9419949
Grand St & Elizabeth St,W 64 St & Thelonious Monk Circle,24,40.718822,-73.99596,40.77515953434235,-73.98918695747852
10 Ave & W 204 St,W 186 St & St Nicholas Ave,2,40.862638,-73.92006,40.852253,-73.931308
E 10 St & Ave A,9 Ave & W 22 St,4,40.7272861,-73.981021285,40.7454973,-74.00197139
North Moore St & Greenwich St,E 77 St & 3 Ave,3,40.720110178,-74.010392427,40.77314236,-73.95856158
Central Ave & Melrose St,7 Ave & Park Pl,2,40.70112,-73.93039,40.6776147,-73.97324283
Roosevelt Island Tramway,E 81 St & York Ave,3,40.757318854,-73.953613043,40.7728384,-73.94989233
Church St & Worth St,1 Ave & E 39 St,11,40.716809869,-74.006138086,40.74714,-73.97113
Halsey St & Ralph Ave,Monroe St & Classon Ave,7,40.684971452,-73.9227736,40.6845683,-73.95881081
41 Ave & 80 St,39 Ave & 99 St,2,40.745877743,-73.885188222,40.74962,-73.86677
E 91 St & Park Ave,Madison Av & E 51 St,41,40.78354013,-73.955418587,40.75863,-73.97513
44 St & Greenpoint Ave,1 Ave & E 30 St,7,40.741056204,-73.92099309,40.74144387,-73.97536082
Vernon Blvd & 10 St,W 78 St & Broadway,1,40.767107606,-73.937470555,40.78339981,-73.98093133
Broadway & E 14 St,Delancey St & Eldridge St,119,40.73454567,-73.99074142,40.719383,-73.991479
72 St & Woodside Ave,53 St & Roosevelt Ave,16,40.742963314,-73.892825484,40.74462,-73.91143
Prospect Park W & 20 St,New York Ave & Snyder Ave,1,40.656736493,-73.98381269,40.64868,-73.94635
Carroll St & Smith St,Bedford Ave & Maple St,8,40.680611,-73.99475825,40.66035,-73.95679
3 Ave & E 109 St,Grand Concourse & E 164 St,1,40.79338,-73.94329,40.829608,-73.921461
Washington St & Laight St,W 13 St & 5 Ave,39,40.722609997,-74.010297656,40.735445,-73.99431
Catherine St & Monroe St,E 77 St & 1 Ave,3,40.710993052,-73.99673152,40.77095553869235,-73.95356208096926
E 106 St & Madison Ave,Broadway & W 48 St,15,40.793389559,-73.949383855,40.76017739537783,-73.98486793041229
S 4 St & Roebling St,Lincoln Rd & Ocean Ave,3,40.710648298,-73.959476471,40.6605,-73.9626
Park Cir & East Dr,W 47 St & 10 Ave,1,40.651566,-73.972212,40.76269882,-73.99301222
Gansevoort St & Hudson St,William St & Pine St,37,40.739357948,-74.005149841,40.70717936,-74.00887308
Church Ave & Nostrand Ave,E 17 St & Broadway,1,40.65074,-73.94986,40.73704984,-73.99009296
27 Ave & 9 St,Amsterdam Ave & W 73 St,3,40.7739825,-73.9309134,40.77966809007312,-73.98093044757842
Amsterdam Ave & W 79 St,33 St & Queens Blvd,1,40.783249497,-73.978622198,40.7443653191867,-73.93172398209572
Murray St & West St,W 92 St & Broadway,4,40.715119362,-74.012520552,40.7921,-73.9739
Bainbridge Ave & E 196 St,E Mosholu Pkwy & Van Cortlandt Ave E,16,40.86662519,-73.890614986,40.87656,-73.88366
New York Ave & Montgomery St,Graham Ave & Grand St,1,40.665054917,-73.948277235,40.711863,-73.944024
23 St & 31 Ave,E 20 St & Park Ave,1,40.766557097,-73.928655386,40.73827428,-73.98751968
Grand Army Plaza & Plaza St West,7 St & 3 Ave,56,40.672989488,-73.970857024,40.67260298150126,-73.98983001708984
E 51 St & 1 Ave,W 171 St & St. Nicholas Ave,1,40.75450933,-73.965993762,40.842941,-73.938631
Bus Slip & State St,Frost St & Meeker Ave,1,40.701825023,-74.013977408,40.71766197083994,-73.94880026578903
Cumberland St & Lafayette Ave,Woodside Ave & 69 St,1,40.687666178,-73.972689033,40.7428,-73.89584
5 Ave & E 72 St,E 149 St & Eagle Ave,2,40.77282817,-73.96685276,40.814046,-73.91186
W 54 St & 9 Ave,Driggs Ave & N 9 St,1,40.76584941,-73.98690506,40.71816969454208,-73.95520135760307
Jefferson Ave & Patchen Ave,Pierrepont St & Monroe Pl,1,40.68609,-73.92628,40.69535693320225,-73.99344027042389
3 Ave & E 169 St,Grand Concourse & E 164 St,35,40.832599878,-73.905114889,40.829608,-73.921461
36 St & Ditmars Blvd,W 22 St & 10 Ave,1,40.774306,-73.908335,40.74691959,-74.00451887
W 111 St & 5 Ave,Riverside Dr & W 153 St,3,40.79752078124756,-73.9489397406578,40.832164,-73.949702
Prospect Pl & Underhill Ave,W 45 St & 8 Ave,2,40.6769694,-73.96579,40.75929124,-73.98859651
28 St & 41 Ave,Menahan St & Seneca Ave,1,40.751047,-73.93797,40.70461,-73.91054
E 12 St & Ave C,White St & Johnson Ave,1,40.727243,-73.976831,40.707174,-73.93581
34 Ave & 71 St,34 Ave & 83 St,67,40.752567053,-73.895595074,40.75375,-73.88423
W 70 St & Amsterdam Ave,31 Ave & 34 St,5,40.777404904,-73.982905984,40.763154,-73.920827
Putnam Ave & Throop Ave,44 St & 3 Ave,1,40.685208201,-73.941059232,40.651173,-74.011405
Franklin Ave & E 169 St,Adam Clayton Powell Blvd & W 141 St,1,40.831797957,-73.902041912,40.819241,-73.941057
25 Ave & 41 St,31 St & Newtown Ave,284,40.767774343,-73.911074519,40.7675487799971,-73.9209334552288
E 59 St & Madison Ave,E 161 St & Park Ave,2,40.763433933,-73.971181273,40.824811,-73.916407
River Ave & E 153 St,W 100 St & Broadway,2,40.82441,-73.92818,40.7973721,-73.97041192
8 Ave & W 31 St,Hancock St & Stuyvesant Ave,1,40.750464082,-73.994877219,40.68454,-73.9322
Metropolitan Ave & Flushing Ave,Ashland Pl & Dekalb Ave,4,40.713398099,-73.915541172,40.690065,-73.978776
E 2 St & Avenue B,Lexington Ave & E 36 St,30,40.722239137,-73.983490109,40.7475739589548,-73.9788007736206
W 165 St & Fort Washington Ave,W 100 St & Manhattan Ave,11,40.840015888,-73.942893744,40.795,-73.9645
Wadsworth Ave & W 175 St,E 59 St & Madison Ave,3,40.846005797,-73.93774116,40.76350532,-73.97109243
St Ann's Ave & Bruckner Blvd,Fulton Ave & E 172 St,3,40.803071022,-73.919663191,40.839229,-73.899047
Douglass St & 4 Ave,Patchen Ave & Bainbridge St,12,40.679039,-73.9813255,40.68143,-73.92565
Malcolm X Blvd & DeKalb Ave,Union Ave & Wallabout St,5,40.693830609,-73.931247354,40.70029511,-73.95032283
9 Ave & W 39 St,Mercer St & Bleecker St,126,40.756261945,-73.994197488,40.72706363348306,-73.99662137031554
W 20 St & 5 Ave,E 81 St & 3 Ave,14,40.739755988,-73.991464853,40.77573034,-73.9567526
Court St & Nelson St,W 24 St & 7 Ave,1,40.676232696,-73.998888135,40.74487634,-73.99529885
Stockholm St & Wilson Ave,Bond St & Fulton St,16,40.699381948,-73.922830224,40.6896218879,-73.9830426872
W 12 St & Hudson St,E 82 St & East End Ave,3,40.73752993301071,-74.00558933615685,40.7724607,-73.9468208
E 25 St & 1 Ave,W 59 St & 10 Ave,10,40.7381765,-73.97738662,40.770513,-73.988038
51 St & 43 Ave,Suydam St & Broadway,2,40.74451,-73.91412,40.69544,-73.93223
E 98 St & Park Ave,1 Ave & E 110 St,60,40.78813,-73.95206,40.7923272,-73.9383
Sharon St & Olive St,Madison St & Evergreen Ave,12,40.715351105,-73.93839097,40.69122,-73.91693
W 160 St & St. Nicholas Ave,Gerard Ave & E 146 St,2,40.834456563,-73.93988502,40.817755,-73.92965
W 180 St & Ft Washington Ave,E 138 St & Grand Concourse,1,40.849998236,-73.93846035,40.813224,-73.930605
Union Ave & Jackson St,Fulton St & Clermont Ave,9,40.7160751,-73.952029,40.68415748,-73.96922273
Great Jones St,8 Ave & W 49 St,101,40.72720325,-73.994135976,40.76171227910671,-73.98655101656914
Grand Concourse & E 197 St,Jerome Ave & W 195 St,109,40.869418383,-73.891442537,40.86874,-73.89657
41 St & 3 Ave,Bergen St & 4 Ave,5,40.652406454,-74.008890629,40.68256425759694,-73.9798977971077
Audubon Ave & W 192 St,Margaret Corbin Plz & Ft Washington Ave,14,40.85589030603889,-73.92708241939545,40.859166,-73.933872
Suydam St & Broadway,Suydam St & St. Nicholas Ave,26,40.695410967,-73.932265282,40.70636,-73.91945
Broadway & W 48 St,Ave D & E 12 St,2,40.760532022,-73.983889818,40.72580614,-73.97422494
E 81 St & 3 Ave,Adam Clayton Powell Blvd & W 132 St,5,40.775642157,-73.956609726,40.813539,-73.94521
Monroe St & Marcus Garvey Blvd,Suydam St & St Nicholas Ave,2,40.686722,-73.938988,40.70636,-73.91945
11 Ave & W 27 St,Cortelyou Rd & Argyle Rd,1,40.751224279,-74.005482197,40.64034,-73.96603
Sunken Meadow Comfort Station,E 47 St & 2 Ave,1,40.795469999,-73.918940783,40.75323098,-73.97032517
36 St & 47 Ave,Woodside Ave & 69 St,4,40.742210269,-73.929434776,40.7428,-73.89584
Halsey St & Tompkins Ave,Lafayette St & E 8 St,1,40.682409048,-73.943931818,40.73020660529954,-73.99102628231049
E 75 St & 3 Ave,Louis Nine Blvd & Intervale Ave,1,40.77112927,-73.95772297,40.831998,-73.892686
31 Ave & 14 St,38 Ave & 29 St,13,40.768319726,-73.932239532,40.75473,-73.93367
31 Ave & 34 St,Thompson St & Bleecker St,2,40.763154,-73.920827,40.72840059450829,-73.99968780577183
Richardson St & N Henry St,Vernon Blvd & 50 Ave,12,40.719096303,-73.94219923,40.74232744,-73.95411749
Greene Ave & Myrtle Ave,Broadway & Whipple St,2,40.698568,-73.918877,40.7016657,-73.9437303
49 Ave & 21 St,W 54 St & 11 Ave,2,40.742453456,-73.948865175,40.768333,-73.992573
Bergen St & Smith St,Eagle St & Manhattan Ave,2,40.6867443,-73.99063168,40.735217,-73.954926
E 58 St & 3 Ave,E 158 St & Melrose Ave,3,40.76095756,-73.96724467,40.822215,-73.914688
Central Park West & W 76 St,Madison Av & E 51 St,56,40.77896784,-73.97374737,40.75863,-73.97513
Bergen St & Flatbush Ave,Driggs Ave & S 2 St,15,40.681049109,-73.975957632,40.712628,-73.960575
E 40 St & Park Ave,8 Ave & W 38 St,461,40.750756,-73.978326,40.75461,-73.99177
E 53 St & 3 Ave,E 5 St & Ave A,13,40.757470489,-73.96942699,40.72479007746337,-73.98430064320564
E 16 St & 5 Ave,10 Ave & W 14 St,118,40.736960292,-73.992652178,40.74198159994023,-74.00831580162048
E 84 St & Park Ave,49 Ave & 21 St,1,40.77862688,-73.95772073,40.74252,-73.948852
Columbus Ave & W 72 St,W 104 St & Amsterdam Ave,171,40.776818037,-73.979180694,40.79904139288298,-73.96649479866028
W 37 St & Broadway,W 42 St & 8 Ave,76,40.751899719,-73.988252521,40.7575699,-73.99098507
Little West St & 1 Pl,31 St & Broadway,1,40.705777049,-74.016748071,40.761584,-73.925921
48 Ave & 41 St,55 Ave & Center Blvd,1,40.739843726,-73.923896313,40.740288,-73.960697
34 St & 38 Ave,Jackson Mill Rd & 24 Ave,2,40.752443,-73.929737,40.76619,-73.87561
W 42 St & 8 Ave,Broad St & Bridge St,11,40.757864475,-73.990620971,40.70365182,-74.01167797
Franklin St & Dupont St,51 St & 43 Ave,4,40.735743165,-73.958675861,40.74451,-73.91412
60 St & 60 Rd,47 Ave & 31 St,2,40.716035485,-73.906079292,40.743,-73.93561
W 170 St & University Ave,Webster Ave & E 166 St,5,40.841971755,-73.926151752,40.828975,-73.911259
Washington St & Laight St,E 3 St & 1 Ave,20,40.722609997,-74.010297656,40.72467721,-73.98783413
1 Ave & E 78 St,Amsterdam Ave & W 73 St,35,40.77140426,-73.9535166,40.77966809007312,-73.98093044757842
Watts St & Greenwich St,Riverside Dr & W 153 St,2,40.724122047,-74.009552002,40.832164,-73.949702
5 Ave & E 29 St,FDR Drive & E 35 St,192,40.7451677,-73.98683077,40.744219,-73.97121214
Grand St & Samuel Dickstein Plaza,1 Ave & E 6 St,168,40.715043306,-73.983885884,40.72633085971696,-73.98616880178452
E 84 St & Park Ave,43 St & 50 Ave,1,40.77862688,-73.95772073,40.73787237950538,-73.92264068126678
24 St & 5 Ave,Stockholm St & Wilson Ave,3,40.659511805,-73.994967103,40.699304,-73.923044
E 15 St & 3 Ave,W 54 St & 11 Ave,20,40.734232,-73.986923,40.768333,-73.992573
Edgecombe Ave & W 141 St,Willis Ave & E 137 St,3,40.820631266,-73.945224643,40.808384,-73.923604
1 Ave & E 110 St,Boone Ave & E 172 St,1,40.792330265,-73.938179135,40.832649,-73.885272
Pacific St & Nostrand Ave,Carmine St & 6 Ave,3,40.677625656,-73.949539065,40.73038599,-74.00214988
E 48 St & 5 Ave,W 52 St & 5 Ave,63,40.757237911,-73.977735758,40.75992262,-73.97648516
Putnam Ave & Ralph Ave,E 4 St & 2 Ave,1,40.687087417,-73.923269153,40.7262807,-73.98978041
E 5 St & Ave A,Fairview Ave & Linden St,5,40.72479007746337,-73.98430064320564,40.70694,-73.90632
Broadway & Berry St,Cedar St & Myrtle Ave,15,40.710395098,-73.965435743,40.697842,-73.926241
Willoughby Ave & Myrtle Ave,Central Ave & Himrod St,69,40.697594166,-73.93099761,40.69676,-73.92302
Douglass St & 3 Ave,Scholes St & Lorimer St,3,40.6802133,-73.98432695,40.708323,-73.948732
Park Ave & E 162 St,Fulton Ave & St Paul's Pl,1,40.825740814,-73.91564703,40.83545,-73.90153
1 St & 6 Ave,Caton Ave & Argyle Rd,13,40.672751188,-73.979746461,40.649681,-73.967829
28 St & 41 Ave,75 St & Roosevelt Ave,1,40.751047,-73.93797,40.7468,-73.89038
Albemarle Rd & McDonald Ave,Adam Clayton Powell Blvd & W 123 St,1,40.645074,-73.979681,40.8078316,-73.949373
S 4 St & Rodney St,8 Ave & W 16 St,8,40.709375739,-73.956113458,40.740983,-74.001702
69 St & 38 Ave,90 St & 51 Ave,3,40.746830821,-73.89657712,40.73937,-73.87411
Leonard St & Nassau Ave,E 25 St & 1 Ave,1,40.723714113,-73.949700475,40.7381765,-73.97738662
71 Ave & Myrtle Ave,Bedford Ave & S 9 St,2,40.70067,-73.89907,40.70853074,-73.96408963
E 48 St & Tilden Ave,Winthrop St & Nostrand Ave,1,40.647994161,-73.931801081,40.65707,-73.95005
16 St & 4 Ave,Rogers Ave & Sterling St,1,40.666329861,-73.992449641,40.6630619,-73.9538746
Linden St & Knickerbocker Ave,Leonard St & Church St,13,40.697121263,-73.915708542,40.717571,-74.005549
St. Ann's Ave & E 144 St,Grand Concourse & E 144 St,4,40.811112,-73.914932,40.816576,-73.927987
E 165 St & Jerome Ave,Grand Ave & W 181 St,1,40.83263,-73.925101,40.856302,-73.907302
Calyer St & Guernsey St,Flatbush Ave & Lincoln Rd,2,40.72755807335852,-73.95505852997303,40.66131,-73.96091
Lexington Ave & E 29 St,34th Ave & Vernon Blvd,6,40.74311555376486,-73.98215353488922,40.76535380385866,-73.93986314535141
Douglass St & 4 Ave,Water St & Fletcher St,4,40.679039,-73.9813255,40.706410755236135,-74.00559738278389
Eastern Pkwy & Troy Ave,Douglass St & 3 Ave,6,40.66929,-73.93679,40.6802133,-73.98432695
Prospect Park SW & Vanderbilt St,Lefferts Ave & Schenectady Ave,13,40.655182123,-73.973371387,40.66343,-73.93472
E 17 St & 2 Ave,55 St & 5 Ave,1,40.734443188,-73.984071136,40.642408,-74.013318
Central Park North & Adam Clayton Powell Blvd,Graham Ave & Withers St,1,40.799484,-73.955613,40.7169811,-73.94485918
Sheridan Ave & E 172 St,Amsterdam Ave & W 180 St,2,40.840360284,-73.911590457,40.847396,-73.931205
Pacific St & Classon Ave,Clark St & Henry St,4,40.6791944,-73.9587903,40.69760127,-73.99344559
Adam Clayton Powell Blvd & W 126 St,W 36 St & 9 Ave,3,40.80935359,-73.947834134,40.75462324029105,-73.99516761302948
Herkimer St & New York Ave,Driggs Ave & N Henry St,4,40.67955,-73.94709,40.72325,-73.94308
Adelphi St & Myrtle Ave,Edgecombe Ave & W 141 St,1,40.693048716,-73.971892834,40.820681,-73.945144
W 107 St & Columbus Ave,W 147 St & Adam Clayton Powell Blvd,4,40.799869061,-73.96220541,40.82281,-73.937413
Monroe St & Classon Ave,Catherine St & Monroe St,3,40.684606075,-73.958809972,40.71117444,-73.99682619
21 Ave & Shore Blvd,41 Ave & 80 St,1,40.783923268,-73.916810393,40.74586,-73.88539
W 40 St & 7 Ave,Ave A & E 11 St,29,40.754818,-73.988154,40.72854745023944,-73.98175925016403
Bushwick Ave & Linden St,Central Ave & Himrod St,38,40.691564918,-73.921675086,40.69676,-73.92302
E 44 St & Lexington Ave,6 Ave & W 33 St,425,40.75222218,-73.975462794,40.74901271,-73.98848395
West Broadway & Watts St,Ave C & E 16 St,6,40.72323,-74.00314,40.72984830346529,-73.97455215454102
W 63 St & Broadway,Suffolk St & Stanton St,17,40.771484137,-73.982835412,40.72066442,-73.98517977
Stagg St & Union Ave,3 Ave & E 112 St,1,40.70877084,-73.95095259,40.795508,-73.941606
46 St & 7 Ave,Pike St & E Broadway,11,40.644793153,-74.003689408,40.71406667,-73.99293911
Concourse Village East & E 158 St,Nelson Ave & 167 St,22,40.823768735,-73.919365168,40.83670566862804,-73.92608866095543
Fulton St & Broadway,Riverside Dr & W 82 St,20,40.711410403,-74.009525657,40.78720869,-73.98128127
Prospect Ave & Greenwood Ave,Brooklyn Bridge Park - Pier 2,3,40.651745,-73.975988,40.698458,-73.997178
Franklin St & W Broadway,Bank St & Hudson St,64,40.7191329,-74.00671649,40.73652889,-74.00618026
Cliff St & Fulton St,E 1 St & Bowery,58,40.708366275,-74.005040884,40.72486122254819,-73.99213135242462
Milton St & Franklin St,Nassau Ave & Newell St,186,40.72910428,-73.957753062,40.724812564400175,-73.94752621650696
Central Ave & Melrose St,Stanton St & Chrystie St,3,40.70112,-73.93039,40.72229346,-73.99147535
E 14 St & Avenue B,Broadway & W 56 St,9,40.729427218,-73.977837801,40.7652654,-73.98192338
E 7 St & Ave B,Bank St & Hudson St,38,40.725353956,-73.981742859,40.73652889,-74.00618026
Union Ave & Jackson St,Clinton St & Union St,1,40.7160751,-73.952029,40.6831164,-73.99785267
W 230 St & Marble Hill Ave,Tibbett Ave & W 234 St,1,40.877991199,-73.907895565,40.88324,-73.90587
Queens Plaza North & Crescent St,Prospect Pl & Underhill Ave,2,40.75110165,-73.94073717,40.6769694,-73.96579
Centre St & Worth St,Grand Army Plaza & Central Park S,10,40.715014458,-74.002316117,40.7643971,-73.97371465
E 51 St & Lexington Ave,Hudson St & Reade St,11,40.757463694,-73.972072363,40.71625008,-74.0091059
W 27 St & 7 Ave,E 5 St & Ave C,13,40.746647,-73.993915,40.72299208,-73.97995466
Madison Ave & E 120 St,W 47 St & 6 Ave,1,40.802957058,-73.942969322,40.758397,-73.98255
Wilson Ave & Troutman St,Norman Ave & Leonard St,18,40.701647043,-73.927361488,40.725819,-73.950815
E 6 St & Ave D,Flushing Ave & Vanderbilt Ave,2,40.72231245,-73.976767898,40.69795031569544,-73.97077560424805
Edgecombe Ave & W 145 St,Jerome Ave & W 177 St,3,40.82341218,-73.943874002,40.850121,-73.910765
Madison St & Evergreen Ave,Bedford Ave & Montgomery St,1,40.69130528,-73.91676259,40.665816,-73.956934
Clinton Ave & Flushing Ave,Calyer St & Jewel St,9,40.69794,-73.96986848,40.72984,-73.94839
5 Ave & E 87 St,Stagg St & Union Ave,1,40.782653213,-73.95975256,40.70877084,-73.95095259
E 167 St & Clay Ave,River Ave & McClellan St,13,40.830990314,-73.91105783,40.83406,-73.92243
Park Ave & Marcus Garvey Blvd,48 St & Skillman Ave,1,40.698583603,-73.941429853,40.74622874694195,-73.91616314649582
Monroe St & Classon Ave,E 5 St & Cooper Sq,3,40.684606075,-73.958809972,40.72769,-73.990993
W 84 St & Amsterdam Ave,Amsterdam Ave & W 156 St,1,40.786224008,-73.975422978,40.832081,-73.942386
Central Ave & Decatur St,Park Pl & Thomas S. Boyland St,2,40.688250422,-73.907899857,40.67154,-73.91433
University Ave & Macombs Rd,Jerome Ave & W 195 St,14,40.849688888,-73.916098475,40.86874,-73.89657
38 St & 30 Ave,8 Ave & W 49 St,2,40.764124751,-73.915885448,40.76171227910671,-73.98655101656914
Carlton Ave & Flushing Ave,McKibbin St & Manhattan Ave,24,40.69765532,-73.973685861,40.70510918,-73.94407279
34 Ave & 21 St,34 Ave & 21 St,243,40.762772322,-73.934286833,40.7628138,-73.9342862
Broadway & W 160 St,9 Ave & W 39 St,4,40.835630178,-73.943579793,40.756403523272496,-73.99410143494606
Nassau Ave & Newell St,Steinway St & 28 Ave,3,40.724812564400175,-73.94752621650696,40.7656251,-73.9136695
Lenox Ave & W 111 St,Convent Ave & W 135 St,25,40.798735738,-73.952402234,40.818215,-73.950988
Center Blvd & 51 Ave,Broadway & W 48 St,1,40.74336608027021,-73.95960688591003,40.76017739537783,-73.98486793041229
E 81 St & York Ave,33 St & Queens Blvd,8,40.772802711,-73.949751019,40.7443653191867,-73.93172398209572
E 5 St & Avenue C,W 53 St & 10 Ave,6,40.72299208,-73.97995466,40.76669671,-73.99061728
Pacific St & Rochester Ave,Warren St & Court St,2,40.67639,-73.92748,40.686371,-73.99383324
Pacific St & Classon Ave,Adams St & Prospect St,7,40.6791944,-73.9587903,40.70076308326151,-73.98869812488556
Bank St & Hudson St,E 53 St & Madison Ave,12,40.736521482,-74.006094813,40.7597108,-73.97402311
Centre St & Chambers St,Bergen St & 4 Ave,74,40.712795377,-74.004602194,40.68256425759694,-73.9798977971077
24 St & 41 Ave,5 St & 51 Ave,18,40.752474,-73.939991,40.7423737,-73.9566
W 43 St & 10 Ave,5 Ave & E 103 St,26,40.760159373,-73.994736791,40.7922553,-73.95249933
6 Ave & Walker St,W 84 St & Broadway,4,40.719756484,-74.005201817,40.7867947,-73.977112
E 20 St & Park Ave,7 Ave & Park Pl,2,40.73827428,-73.98751968,40.6776147,-73.97324283
5 St & Market St,W 15 St & 10 Ave,2,40.699968934,-73.974680066,40.74275382865903,-74.00747358798981
W 21 St & 6 Ave,Broadway & W 25 St,802,40.74173969,-73.99415556,40.74286877312112,-73.98918628692627
2 Ave & E 104 St,Columbia St & Rivington St,2,40.789090276,-73.943683386,40.71739973,-73.98016555
W 204 St & Vermilyea Ave,Amsterdam Ave & W 119 St,1,40.866141,-73.922648,40.8086249,-73.9596214
Adam Clayton Powell Blvd & W 123 St,E 97 St & Madison Ave,40,40.807928801,-73.949295878,40.787801,-73.953559
12 Ave & W 40 St,E 4 St & 2 Ave,56,40.76087502,-74.00277668,40.7262807,-73.98978041
Union Ave & Jackson St,Delancey St & Eldridge St,14,40.7160751,-73.952029,40.719383,-73.991479
Southern Blvd & Tiffany St,3 Ave & E 170 St,13,40.818206429,-73.894200921,40.834857,-73.903743
Keegan Rd & 2 Ave,State St & Smith St,1,40.642514348,-74.025603414,40.68917,-73.9886
W 106 St & Amsterdam Ave,McKibbin St & Bogart St,1,40.8008363,-73.9664492472,40.706237,-73.933871
E 77 St & 3 Ave,Warren St & W Broadway,6,40.773364186,-73.95909059,40.71473993,-74.00910627
W Tremont Ave & Grand Ave,Macombs Rd & W 175 St,53,40.850036,-73.912785,40.848177,-73.916082
Allen St & Hester St,1 Ave & E 18 St,177,40.716044188,-73.991863132,40.73381219196632,-73.98054420948029
South St & Whitehall St,Broadway & E 19 St,13,40.701075912,-74.012594342,40.73866091428551,-73.98987293243407
West Thames St,Lexington Ave & Classon Ave,3,40.70834698,-74.01713445,40.68676793,-73.95928168
11 Ave & W 27 St,Stagg St & Union Ave,23,40.751224279,-74.005482197,40.70877084,-73.95095259
FDR Drive & E 35 St,E 50 St & Park Ave,182,40.743960023,-73.971253276,40.757334,-73.974235
Greenwich St & W Houston St,E 82 St & East End Ave,4,40.728846,-74.008591,40.7724607,-73.9468208
E 93 St & 2 Ave,E 128 St & 3 Ave,3,40.782420158,-73.948709965,40.805631,-73.934077
Van Dam St & Meeker Ave,MacDonough St & Marcy Ave,1,40.725432277,-73.936857343,40.68078,-73.94613
1 Ave & E 39 St,Clinton St & 4 Place,3,40.747182012,-73.971195579,40.6783563,-74.00014502
Greenwich St & W Houston St,W 25 St & 6 Ave,71,40.728846,-74.008591,40.74395411,-73.99144871
E 19 St & 3 Ave,Great Jones St,166,40.736419082,-73.98459816,40.72743423,-73.99379025
7 Ave & 20 St,Clinton Ave & Myrtle Ave,6,40.658974886,-73.9886204,40.693261,-73.968896
Grand Concourse & E 161 St,Beck St & Leggett Ave,28,40.827240109,-73.92270422,40.815077,-73.899939
Sterling St & Nostrand Ave,Lafayette Ave & Stuyvesant Ave,13,40.66318,-73.95076,40.6919925157634,-73.9325501024723
Norfolk St & Broome St,Douglass St & 4 Ave,10,40.716975212,-73.98799479,40.6792788,-73.98154004
W 53 St & 10 Ave,E 118 St & Madison Ave,3,40.76669671,-73.99061728,40.8014866,-73.9442507
Lewis Ave & Greene Ave,Carlton Ave & Park Ave,4,40.689813256,-73.936410785,40.69580705,-73.97355569
Pearl St & York St,E 14 St & 1 Ave,11,40.70140463410644,-73.98768022656441,40.73139303364151,-73.98286700248718
Lafayette St & E 8 St,Ave D & E 8 St,156,40.73020660529954,-73.99102628231049,40.72368361,-73.97574813
Fulton Ave & E 172 St,Bainbridge Ave & Bedford Park Blvd,6,40.839187622,-73.899088621,40.87002,-73.88565
21 St & 23 Ave,11 St & 43 Ave,3,40.778557,-73.919046,40.7519071,-73.9479119
Clinton Ave & Myrtle Ave,W 54 St & 11 Ave,6,40.693383813,-73.969046354,40.768333,-73.992573
Rogers Pl & E 165 St,Sheridan Ave & E 168 St,5,40.823899031,-73.897323489,40.835334,-73.9154
Walton Ave & E 151 St,Anthony Ave & E 175 St,1,40.820823669,-73.927645683,40.846465,-73.903869
5 Ave & E 29 St,Broadway & W 38 St,220,40.7451677,-73.98683077,40.7529728216068,-73.98734897375107
Bruckner Blvd & Bryant Ave,3 Ave & E 174 St,1,40.821928859,-73.888570786,40.84224,-73.8985
60 Pl & Flushing Ave,60 Ave & Fresh Pond Rd,5,40.719955444,-73.90544104599999,40.71693,-73.90198
W 181 St & Riverside Dr,Macombs Pl & W 152 St,2,40.85168,-73.94186,40.826406,-73.937948
Snyder Ave & Schenectady Ave,Ocean Ave & Tennis Ct,3,40.65,-73.93296,40.64873,-73.96084
Monroe St & Bedford Ave,Catalpa Ave & Woodward Ave,10,40.685155869,-73.953758836,40.70229,-73.90145
W 218 St & Broadway,University Ave & W Burnside Ave,1,40.871363163,-73.914603591,40.85501,-73.910751
Thomas S. Boyland St & Marion St,10 St & 7 Ave,1,40.6814658848122,-73.91415685415268,40.6662078,-73.98199886
9 Ave & W 39 St,N 7 St & Driggs Ave,5,40.756261945,-73.994197488,40.716967,-73.956388
39 Dr & 52 St,W 55 St & 6 Ave,1,40.74732,-73.91197,40.763189,-73.978434
West St & Liberty St,E 47 St & 1 Ave,7,40.711488843,-74.015027165,40.75206862,-73.96784384
27 Ave & 3 St,India St & Manhattan Ave,6,40.77485,-73.9342,40.73232194,-73.9550858
St Johns Pl & Howard Ave,Pacific St & Ralph Ave,14,40.66992,-73.92002,40.67607,-73.92171
Thomas S. Boyland St & Marion St,Buffalo Ave & E New York Ave,12,40.6814658848122,-73.91415685415268,40.66591,-73.92602
Clinton St & Tillary St,West End Ave & W 78 St,2,40.696351528,-73.991395473,40.783786,-73.981687
Carroll St & Smith St,E 9 St & 5 Ave,3,40.680611,-73.99475825,40.73275887045087,-73.99581670761108
E 59 St & Madison Ave,Peck Slip & South St,1,40.763433933,-73.971181273,40.7075188830923,-74.00108054280281
W 27 St & 7 Ave,5 Ave & E 72 St,39,40.746647,-73.993915,40.77282817,-73.96685276
Morton St & Washington St,Cooper Square & Astor Pl,72,40.73116076,-74.008128166,40.72951496224949,-73.99075269699097
Morton St & Washington St,E 59 St & Madison Ave,3,40.73116076,-74.008128166,40.76350532,-73.97109243
W 37 St & 10 Ave,Scholes St & Manhattan Ave,3,40.756446362,-73.99837482,40.70870368,-73.9448625
Cooper Square & Astor Pl,Madison Ave & E 51 St,24,40.729474425,-73.990817666,40.75863,-73.97513
W 13 St & 5 Ave,E 14 St & Avenue B,265,40.735325098,-73.994510889,40.72938685,-73.97772429
W 22 St & 10 Ave,E 27 St & 1 Ave,59,40.746816754,-74.00419271,40.739445,-73.976806
Broadway & Ellwood St,Shakespeare Ave & W 169 St,2,40.862038732,-73.929730177,40.839312,-73.922423
Sumpter St & Fulton St,44 Dr & Jackson Ave,1,40.679211736,-73.925926685,40.74718234,-73.9432635
Bushwick Ave & Dekalb Ave,Berkeley Pl & 7 Ave,9,40.695006132,-73.928247571,40.675146838709786,-73.97523209452629
W 82 St & Central Park West,West End Ave & W 78 St,43,40.78275,-73.97137,40.783786,-73.981687
E 160 St & Tinton Ave,Gerard Ave & E 165 St,2,40.820302,-73.903944,40.83173,-73.922394
E 48 St & 3 Ave,43 Ave & 47 St,4,40.7546011026,-73.971878855,40.7448062877224,-73.91728967428207
8 Ave & W 38 St,St James Pl & Pearl St,2,40.754316926,-73.991430163,40.71117416,-74.00016545
57 St & Woodside Ave,50 St & 30 Ave,2,40.74578861252213,-73.9072778339874,40.760083,-73.907107
Ave A & E 14 St,West End Ave & W 94 St,3,40.73031071000895,-73.98047178983688,40.7941654,-73.974124
Morris Ave & E 142 St,W 160 St & St. Nicholas Ave,1,40.814403415,-73.92501843,40.834468,-73.939865
Adams St & Prospect St,Flatbush Ave & Eastern Pkwy,1,40.70076308326151,-73.98869812488556,40.668757,-73.966438
E 102 St & 1 Ave,Hunts Point Ave & Bryant Ave,1,40.786964774,-73.941592932,40.813991,-73.8855
Clermont Ave & Lafayette Ave,Madison St & Forest Ave,2,40.68764484,-73.96968902,40.70555,-73.90245
Broadway & E 14 St,Stuyvesant Ave & Hart St,1,40.73454567,-73.99074142,40.69465,-73.9343
Prospect Park SW & Greenwood Ave,10 St & 4 Ave,12,40.652502894,-73.97256887,40.66967356370341,-73.98898908183764
S 3 St & Bedford Ave,59 St & 4 Ave,1,40.712693095,-73.962769032,40.641269,-74.017651
W 56 St & 8 Ave,Van Dam St & Greenpoint Ave,3,40.765677929,-73.983070016,40.73443564069459,-73.93790781497955
E 75 St & 3 Ave,Prospect Park SW & 16 St,1,40.77112927,-73.95772297,40.657265,-73.974165
10 St & 7 Ave,Dean St & Franklin Ave,27,40.6662078,-73.98199886,40.67759206937376,-73.955637216568
Franklin Ave & Myrtle Ave,Lafayette Ave & Classon Ave,91,40.694591761,-73.958139062,40.68900443,-73.96023854
Broadway & W 58 St,Margaret Corbin Plz & Ft Washington Ave,2,40.76695317,-73.98169333,40.859166,-73.933872
Roosevelt Island Tramway,45 Rd & 11 St,25,40.757318854,-73.953613043,40.74708586,-73.94977234
10 Ave & W 204 St,Amsterdam Ave & W 136 St,2,40.862638,-73.92006,40.819746,-73.951819
Amsterdam Ave & W 172 St,Dyckman St & 10 Ave,2,40.84204185,-73.93519938,40.85890447538412,-73.9230939745903
DeKalb Ave & Franklin Ave,E 31 St & 3 Ave,1,40.690607786,-73.957509756,40.74394314,-73.97966069
Amory Ct & Metropolitan Ave,Eastern Pkwy & Rochester Ave,1,40.71301,-73.90968,40.66846,-73.9282
Southern Blvd & E 149 St,Grand Ave & W 181 St,1,40.811910152,-73.904253006,40.856302,-73.907302
10 Ave & W 14 St,Fort Washington Ave & W 183 St,3,40.74198159994023,-74.00831580162048,40.852252,-73.937854
Central Ave & Woodbine St,Nostrand Ave & Myrtle Ave,1,40.692948818,-73.916033387,40.69527008,-73.95238108
Decatur Ave & Bedford Park Blvd,W Tremont Ave & Montgomery Ave,12,40.86813,-73.88412,40.851788,-73.916418
Broadway & W 29 St,2 Ave & 36 St,1,40.74601233,-73.988265514,40.65708866668485,-74.00870203971863
Riverside Dr & W 104 St,Mercer St & Bleecker St,19,40.801362991,-73.97116363,40.72706363348306,-73.99662137031554
Bus Slip & State St,E 44 St & 2 Ave,3,40.701825023,-74.013977408,40.75118387463277,-73.97138714790344
Pacific St & Smith St,Union St & Bedford Ave,8,40.687813401,-73.989281774,40.6691783,-73.9554162
21 St & Queens Plaza North,45 Ave & 21 St,400,40.753079414,-73.943398833,40.74737075646803,-73.94777297973631
Johnson St & Gold St,3 St & Prospect Park West,34,40.694938779,-73.983504415,40.668132,-73.97363831
Liberty St & Broadway,E 48 St & 3 Ave,3,40.70867002,-74.010526419,40.7546011026,-73.971878855
Broadway & W 25 St,Hudson St & Reade St,56,40.74269402,-73.989027977,40.71625008,-74.0091059
S 4 St & Rodney St,Carroll St & Bond St,2,40.709375739,-73.956113458,40.6786115,-73.99037292
W 18 St & 6 Ave,69 St & 38 Ave,1,40.739679694,-73.994639874,40.74694504524519,-73.89650255441666
Gramercy Park N & Gramercy Park E,Engert Ave & McGuinness Blvd,1,40.737964749,-73.985308051,40.72158,-73.94546
Lafayette Ave & Classon Ave,Degraw St & Smith St,12,40.689050674,-73.960296392,40.6829151,-73.99318208
100 St & Northern Blvd,Fresh Pond Rd & Flushing Ave,1,40.75748,-73.86843,40.72155,-73.90295
E 182 St & Morris Ave,E 174 St & Walton Ave,6,40.85670352,-73.902649045,40.844811,-73.912042
Carroll St & Bond St,Sigourney St & Columbia St,14,40.6786115,-73.99037292,40.67267243410948,-74.0087952464819
Graham Ave & Herbert St,W 47 St & 6 Ave,1,40.71929301,-73.94500379,40.758397,-73.98255
Plaza St East & Flatbush Ave,Malcolm X Blvd & DeKalb Ave,16,40.673179746,-73.969145536,40.6938,-73.93114
Menahan St & Seneca Ave,E 18 St & Church Ave,2,40.704628825,-73.91055727,40.64958,-73.96316
E 7 St & Avenue A,Rutgers St & Henry St,189,40.72621788,-73.98379855,40.71332151208186,-73.99009689688683
57 St & Grand Ave,Railroad Ave & Kay Ave,1,40.71921,-73.9124,40.70514807698391,-73.97078096866608
Forsyth St & Canal St,W 163 St & Riverside Dr,1,40.7158155,-73.99422366,40.839278,-73.945446
Washington Ave & E 163 St,Seaman Ave & Beak St,1,40.823978066,-73.910889626,40.867505,-73.926363
Driggs Ave & N 9 St,9 Ave & W 18 St,5,40.718253613,-73.955197692,40.74317449,-74.00366443
India St & Manhattan Ave,S Portland Ave & Hanson Pl,8,40.73232194,-73.9550858,40.68539567,-73.97431458
Sedgwick Ave & W Tremont Ave,Aqueduct Ave & North St,8,40.853069067,-73.918361664,40.8604787,-73.9057169936
Broadway & W 41 St,W 116 St & Broadway,9,40.754940271,-73.986892104,40.8082,-73.9641
Grand St & Greene St,31 St & Northern Blvd,1,40.7218058,-74.00241625,40.75186951421875,-73.93349289894103
Hudson St & Reade St,Plaza St East & Flatbush Ave,1,40.7115935,-74.01065933333334,40.673134,-73.969106
Andrew Ave N & Hall of Fame Tce,Franklin Ave & E 169 St,2,40.858400345,-73.910012245,40.83171,-73.90208
W 100 St & Manhattan Ave,W 92 St & Broadway,207,40.794997931,-73.964517474,40.7921,-73.9739
Morris Ave & E 171 St,Lenox Ave & W 140 St,1,40.839081883,-73.910880566,40.817245,-73.938787
Lexington Ave & Classon Ave,Onderdonk Ave & Dekalb Ave,2,40.686826825,-73.959176779,40.70863,-73.91497
Pitt St & Stanton St,3 Ave & E 71 St,1,40.719210148,-73.981800079,40.76873687,-73.96119945
W 54 St & 11 Ave,W 52 St & 11 Ave,1120,40.768302321,-73.992860317,40.76727216,-73.99392888
Liberty St & Broadway,Stewart Ave & Johnson Ave,1,40.70867002,-74.010526419,40.70869,-73.92587
Adam Clayton Powell Blvd & W 138 St,St Nicholas Ave & W 126 St,151,40.81695971032464,-73.9422959089279,40.8114323,-73.9518776
President St & 4 Ave,Clinton Ave & Flushing Ave,5,40.676757,-73.983262,40.69794,-73.96986848
Central Park W & W 103 St,E 6 St & Ave B,1,40.79558954105342,-73.96188408136368,40.72453734,-73.98185424
Broadway & Berry St,Sullivan Pl & Franklin Ave,2,40.710395098,-73.965435743,40.66407983678161,-73.96025128666679
W 67 St & Broadway,W 113 St & Broadway,60,40.774845958,-73.982590318,40.805973,-73.964928
Central Park North & Adam Clayton Powell Blvd,Canal St & Rutgers St,2,40.799484,-73.955613,40.71427487,-73.98990025
Albany St & Greenwich St,Allen St & Hester St,60,40.709267,-74.013247,40.71605866,-73.99190759
W 37 St & Broadway,E 30 St & Park Ave S,64,40.751899719,-73.988252521,40.74444921,-73.98303529
Scholes St & Manhattan Ave,Central Park West & W 85 St,2,40.708716512,-73.944895864,40.78476,-73.969862
Halsey St & Ralph Ave,Berkeley Pl & 6 Ave,1,40.684971452,-73.9227736,40.6765304,-73.97846879
Avenue D & E 10 St,1 Ave & E 6 St,31,40.725091338,-73.975188255,40.72633085971696,-73.98616880178452
12 Ave & W 125 St,Broad St & Bridge St,5,40.818299,-73.960405,40.70365182,-74.01167797
Herkimer St & New York Ave,Halsey St & Ralph Ave,7,40.67955,-73.94709,40.68494,-73.92299
Lincoln Pl & Classon Ave,McKibbin St & Bogart St,5,40.672220588,-73.960855246,40.706237,-73.933871
Market St & Cherry St,Broadway & Whipple St,1,40.71076228,-73.99400398,40.7016657,-73.9437303
E 33 St & 1 Ave,Parade Pl & Crooke Ave,1,40.74322681432173,-73.97449783980846,40.651847,-73.965248
E 84 St & 1 Ave,E 72 St & Park Ave,156,40.775529504,-73.950836182,40.77118287540658,-73.96409422159195
47 Ave & 48 St,34th Ave & Vernon Blvd,1,40.74086,-73.91708,40.76535380385866,-73.93986314535141
56 Ave & Junction Blvd,Powers St & Olive St,1,40.73716,-73.86625,40.71323,-73.93894
Jay St & York St,E 2 St & Avenue B,19,40.70140317257725,-73.98672670125961,40.72217444,-73.98368779
Schenectady Ave & Prospect Pl,2 Ave & 43 St,1,40.673626065,-73.933627367,40.65292829363811,-74.01286482810974
Putnam Ave & Throop Ave,Pacific St & Rochester Ave,2,40.685208201,-73.941059232,40.67639,-73.92748
Monroe St & Classon Ave,E 11 St & 1 Ave,8,40.684606075,-73.958809972,40.72953837,-73.98426726
Thomas S. Boyland St & Macon St,1 Ave & E 6 St,1,40.684921622,-73.914945841,40.72633085971696,-73.98616880178452
61 St & Woodside Ave,108 St & 39 Ave,1,40.745317698,-73.903639674,40.75165,-73.85915
W 84 St & Broadway,W 104 St & Amsterdam Ave,109,40.786754727,-73.976969004,40.79904139288298,-73.96649479866028
E 85 St & York Ave,60 Pl & Flushing Ave,1,40.775236726,-73.947751641,40.71988,-73.90556
St James Pl & Oliver St,Academy St & Nagle Ave,1,40.71307916,-73.99851193,40.862562,-73.922661
44 St & Greenpoint Ave,46 Ave & 5 St,20,40.741056204,-73.92099309,40.74731,-73.95451
W 56 St & 6 Ave,Morningside Dr & Amsterdam Ave,16,40.763491511,-73.977682948,40.81028506306003,-73.95736455917358
West End Ave & W 107 St,1 Ave & E 30 St,3,40.802168489,-73.968100548,40.74144387,-73.97536082
Central Ave & Melrose St,Putnam Ave & Knickerbocker Ave,31,40.70112,-73.93039,40.69545,-73.91164
Ft. Washington Ave & W 190 St,W 113 St & Broadway,2,40.856906,-73.935662,40.805973,-73.964928
W 70 St & Amsterdam Ave,E 26 St & 3 Ave,21,40.777404904,-73.982905984,40.74069317733043,-73.98160636425018
Pacific St & Utica Ave,Clermont Ave & Park Ave,1,40.676484942,-73.930130005,40.69573398,-73.97129668
71 Ave & Myrtle Ave,Forsyth St & Broome St,2,40.70067,-73.89907,40.71893904,-73.99266288
Schenectady Ave & Prospect Pl,Broadway & W 41 St,3,40.673626065,-73.933627367,40.75513557,-73.98658032
Eastern Pkwy & Franklin Ave,Carroll St & Franklin Ave,137,40.6707767,-73.9576801,40.6679411,-73.9588
61 St & Woodside Ave,63 St & 59 Dr,2,40.745317698,-73.903639674,40.71832,-73.90128
E 85 St & 3 Ave,E 77 St & 1 Ave,1623,40.777971506,-73.954350471,40.77095553869235,-73.95356208096926
Featherbed Ln & Nelson Ave,Goulden Ave & Bedford Park Blvd W,1,40.846072435,-73.919469953,40.87387,-73.89533
Carroll St & Utica Ave,Park Circle & East Dr,1,40.666162491,-73.931589365,40.651566,-73.972212
Sterling Pl & Bedford Ave,Bushwick Ave & Dekalb Ave,1,40.672762632,-73.953960538,40.69502,-73.92825
E 2 St & 2 Ave,West Broadway & Watts St,29,40.725205064,-73.991152644,40.72323,-74.00314
Madison St & Cypress Ave,4 Ave & 17 St,1,40.700643539,-73.907463312,40.665507,-73.993037
111 St & 49 Ave,34 Ave & 108 St,1,40.74612,-73.85272,40.75614,-73.86084
Perry St & Bleecker St,E 84 St & 1 Ave,2,40.73535398,-74.00483091,40.77565541,-73.95068615
Washington Ave & Park Ave,Lafayette Ave & Ft Greene Pl,201,40.696114182,-73.967456937,40.68700231292619,-73.97664964199066
Hazen St & 20 Ave,31 Ave & Crescent St,1,40.772092,-73.895166,40.7658346,-73.9265474
5 Ave & W 131 St,W 44 St & 11 Ave,3,40.810112476,-73.939743519,40.762009,-73.996975
Mott St & Prince St,E 53 St & Madison Ave,3,40.723193169,-73.994909763,40.7597108,-73.97402311
Graham Ave & Grand St,Skillman Ave & 54 St,1,40.711790919,-73.943982244,40.745502,-73.909887
W 43 St & 6 Ave,St Marks Pl & 4 Ave,1,40.754771948,-73.982864976,40.68177810928762,-73.97988975048065
Southern Blvd & E 174 St,Gerard Ave & E 146 St,1,40.836884856,-73.887891531,40.817755,-73.92965
Grand Concourse & E 164 St,W 171 St & St. Nicholas Ave,16,40.829638958,-73.921444774,40.842941,-73.938631
Union Ave & Jackson St,Warren St & Court St,3,40.7160751,-73.952029,40.686371,-73.99383324
40 St & Queens Blvd,21 St & Hoyt Ave S,10,40.743540273428685,-73.92435193061829,40.774645,-73.923706
Borden Ave & Review Ave,Crescent St & Broadway,1,40.738622427,-73.941192031,40.7633589,-73.9286471
Hudson Blvd W & W 36 St,E 10 St & Ave A,1,40.757061124,-73.999468923,40.72740794,-73.98142006
Broadway & W 133 St,E 39 St & Lexington Ave,4,40.819238544,-73.955951691,40.7494985460252,-73.97729203113158
1 Ave & E 6 St,Berkeley Pl & 7 Ave,4,40.72633085971696,-73.98616880178452,40.675146838709786,-73.97523209452629
Milton St & Franklin St,Vernon Blvd & 31 Ave,11,40.72910428,-73.957753062,40.7692475,-73.9354504
Bayard St & Baxter St,Front St & Jay St,38,40.716057301,-73.999760866,40.702461,-73.986842
21 St & 43 Ave,1 Ave & E 30 St,3,40.750519156,-73.945808649,40.74144387,-73.97536082
Broadway & E 14 St,W 22 St & 10 Ave,275,40.73454567,-73.99074142,40.74691959,-74.00451887
Nagle Ave & Ellwood St,Riverside Dr & W 153 St,1,40.860217571,-73.928596139,40.832164,-73.949702
Broadway & W 61 St,W 129 St & Convent Ave,14,40.770145297,-73.982019544,40.814394437915816,-73.95324736833572
W 100 St & Manhattan Ave,Willis Ave & E 141 St,3,40.794997931,-73.964517474,40.81093,-73.921606
Greene St & Prince St,W 35 St & 8 Ave,13,40.725196958,-73.999057531,40.752762088742045,-73.99280458705107
White St & Moore St,Pacific St & Nevins St,8,40.704455733,-73.934963584,40.6853761,-73.98302136
Lafayette Ave & Classon Ave,Bedford Ave & Clarkson Ave,12,40.689050674,-73.960296392,40.65519,-73.9564
Pierrepont St & Monroe Pl,Monroe St & Classon Ave,3,40.695371866,-73.993596196,40.6845683,-73.95881081
Verona Pl & Fulton St,Warren St & Court St,8,40.6803560840434,-73.9476791024208,40.686371,-73.99383324
Park Ave & St Edwards St,Division Ave & Hooper St,15,40.696085095,-73.977635264,40.70684203101325,-73.9544353965357
Pike St & E Broadway,Broadway & W 133 St,2,40.714040756,-73.993003368,40.8190344,-73.956156
Van Brunt St & Wolcott St,Meserole Ave & Manhattan Ave,4,40.6773429,-74.01275056,40.72708584,-73.95299117
W 20 St & 10 Ave,Riverside Dr & W 153 St,4,40.745686,-74.005141,40.832164,-73.949702
Graham Ave & Conselyea St,W 40 St & 7 Ave,1,40.714960337,-73.944396853,40.754818,-73.988154
20 Ave & 21 St,74 St & 37 Ave,8,40.783921123,-73.912280917,40.74908,-73.89172
E 2 St & Avenue A,Willoughby Ave & Myrtle Ave,2,40.723297715,-73.98613739,40.69757,-73.93098
56 Dr & 61 St,31 Ave & 34 St,2,40.723814249,-73.904653072,40.763154,-73.920827
E 43 St & 2 Ave,49 St & 31 Ave,2,40.750052691,-73.971054316,40.758057,-73.909831
E 106 St & Madison Ave,Greenwich Ave & Charles St,1,40.793389559,-73.949383855,40.735238,-74.000271
E 56 St & Madison Ave,Grand Concourse & E 167 St,1,40.761565804,-73.97271657,40.834263,-73.917641
Cooper Ave & 65 Pl,Elmhurst Ave & Roosevelt Ave,1,40.69953,-73.88873,40.74864,-73.87619
Flatbush Ave & Ocean Ave,Linden Blvd & Nostrand Ave,13,40.663657,-73.963014,40.65272,-73.94994
N Moore St & Hudson St,St. Nicholas Terrace & Convent Ave,1,40.720090032,-74.008438706,40.821294,-73.947868
W 225 St & Exterior St,Jerome Ave & W 184 St,37,40.873337984,-73.906530142,40.860814,-73.902541
3 Ave & E 172 St,Mount Eden Pkwy & Eastburn Ave,2,40.839460969,-73.900293589,40.842675,-73.908544
Carroll St & Columbia St,2 Ave & 32 St,7,40.682873487,-74.003290415,40.659176,-74.006584
Calyer St & Guernsey St,27 Ave & 3 St,2,40.72755807335852,-73.95505852997303,40.77485,-73.9342
Sterling Pl & Bedford Ave,6 St & 7 Ave,68,40.672762632,-73.953960538,40.6686627,-73.97988067
Bushwick Ave & Linden St,74 St & 37 Ave,1,40.691564918,-73.921675086,40.74908,-73.89172
Schermerhorn St & Hoyt St,E 19 St & 3 Ave,4,40.6886263,-73.9851911,40.73624527,-73.98473765
Amsterdam Ave & W 79 St,Cadman Plaza E & Red Cross Pl,3,40.783249497,-73.978622198,40.69991755,-73.98971773
Amsterdam Ave & W 186 St,Plaza Dr & W 170 St,4,40.851055622,-73.928588033,40.840484,-73.917946
Myrtle Ave & Marcy Ave,E 10 St & Avenue A,24,40.69539817,-73.94954908,40.72740794,-73.98142006
Front St & Jay St,9 Ave & W 39 St,1,40.702461,-73.986842,40.756403523272496,-73.99410143494606
W 50 St & 9 Ave,W 116 St & Broadway,26,40.763664842,-73.989321589,40.8082,-73.9641
E 95 St & 3 Ave,Roebling St & N 4 St,2,40.785028338,-73.950580597,40.71469,-73.95739
W 37 St & 10 Ave,Schermerhorn St & Hoyt St,2,40.756446362,-73.99837482,40.6886263,-73.9851911
Lenox Ave & W 111 St,2 Ave & E 104 St,153,40.798735738,-73.952402234,40.7892105,-73.94370784
Cumberland St & Lafayette Ave,Carroll St & Franklin Ave,16,40.687666178,-73.972689033,40.6679411,-73.9588
Central Park W & W 103 St,Ditmars Blvd & 19 St,2,40.79558954105342,-73.96188408136368,40.78145,-73.9183302
E 58 St & 3 Ave,Monroe St & Marcus Garvey Blvd,1,40.76095756,-73.96724467,40.686722,-73.938988
4 Ave & 3 St,University Pl & E 14 St,1,40.673746,-73.985649,40.734814,-73.992085
Chauncey St & Stuyvesant Ave,Pitkin Ave & Grafton St,1,40.68012,-73.93168,40.66852,-73.91908
E 40 St & Park Ave,14 St Ferry - 14 St & Shipyard Ln,14,40.750756,-73.978326,40.75296063046496,-74.02435272932053
Hoe Ave & Jennings St,Lenox Ave & W 140 St,2,40.832167029,-73.889716268,40.817245,-73.938787
Norman St & Wyckoff Ave,Lefferts Pl & Franklin Ave,7,40.69517,-73.90311,40.680342423,-73.9557689392
Queens Plaza North & Crescent St,E 2 St & Ave A,2,40.75110165,-73.94073717,40.72307749068673,-73.98583620786667
E 65 St & 2 Ave,Garfield Pl & 8 Ave,1,40.764854908,-73.962511659,40.6711978,-73.97484126
Kenmare St & Elizabeth St,43 St & 50 Ave,1,40.720495701,-73.994796395,40.73787237950538,-73.92264068126678
Eastern Pkwy & Schenectady Ave,Macon St & Lewis Ave,20,40.668995738,-73.933604836,40.68282,-73.93488
W 170 St & University Ave,Concourse Village West & E 156 St,8,40.841971755,-73.926151752,40.823162,-73.923267
E 84 St & 1 Ave,Grand St & Greene St,11,40.775529504,-73.950836182,40.72170005235607,-74.00238141417502
Seaman Ave & Beak St,St Mary's St & Jackson Ave,3,40.867588401,-73.926143765,40.808891,-73.91081
E 25 St & 1 Ave,Lenox Ave & W 117 St,4,40.7381765,-73.97738662,40.8025566,-73.9490782
Pacific St & Classon Ave,Columbia St & Rivington St,7,40.6791944,-73.9587903,40.71739973,-73.98016555
Wilson Ave & Moffat St,Bergen St & Smith St,6,40.68906,-73.90506,40.6867443,-73.99063168
Degraw St & Smith St,Crescent St & Broadway,1,40.6829151,-73.99318208,40.7633589,-73.9286471
West End Ave & W 60 St,W 100 St & Broadway,356,40.772503853,-73.989685535,40.7973721,-73.97041192
Westchester Ave & Southern Blvd,Sedgwick Ave & W Tremont Ave,11,40.824923873,-73.891716123,40.85304455868985,-73.91830623149872
Pleasant Ave & E 116 St,Broadway & W 133 St,20,40.795070887,-73.933270097,40.8190344,-73.956156
33 St & 47 Ave,28 St & 36 Ave,28,40.742732406,-73.932113647,40.757186,-73.932719
Franklin Ave & E 169 St,Jerome Ave & Bedford Park Blvd E,4,40.831797957,-73.902041912,40.87307,-73.88971
Bedford Ave & Maple St,Park Pl & Franklin Ave,6,40.660217762,-73.956805706,40.6741806,-73.9564947
W 41 St & 8 Ave,W 186 St & St Nicholas Ave,1,40.75633049,-73.989260077,40.852253,-73.931308
40 Ave & 9 St,Clark St & Henry St,1,40.757501006,-73.945197225,40.69760127,-73.99344559
W 116 St & Amsterdam Ave,Humboldt St & Varet St,1,40.806589961,-73.960916877,40.7031724,-73.940636
West End Ave & W 94 St,W 53 St & 10 Ave,13,40.7941654,-73.974124,40.76669671,-73.99061728
1 Ave & E 18 St,Verona Pl & Fulton St,1,40.73381219196632,-73.98054420948029,40.6803560840434,-73.9476791024208
Church St & Worth St,7 Ave S & Bleecker St,63,40.716809869,-74.006138086,40.73213896287381,-74.00363802909851
Bergen St & Saratoga Ave,Atlantic Ave & Furman St,1,40.674225926,-73.916432142,40.69165183,-73.9999786
St Nicholas Ave & W 126 St,Pearl St & Hanover Square,1,40.811553836,-73.951894522,40.7047177,-74.00926027
Cambridge Pl & Gates Ave,Sterling Pl & Schenectady Ave,2,40.684975863,-73.96305275,40.6716,-73.93378
Driggs Ave & N 9 St,DeKalb Ave & Franklin Ave,22,40.718253613,-73.955197692,40.69064807082943,-73.95746178925037
Bank St & Washington St,West Thames St,95,40.736229897,-74.008636236,40.70834698,-74.01713445
29 St & Skillman Ave,Lafayette Ave & Ft Greene Pl,1,40.744831,-73.938411,40.68700231292619,-73.97664964199066
Stephen St & Seneca Ave,Fresh Pond Rd & Flushing Ave,1,40.698805213,-73.900613189,40.72155,-73.90295
W 92 St & Broadway,E 94 St & Madison Ave,45,40.792512655,-73.974010706,40.78585105291389,-73.95482444378061
St Ann's Ave & Westchester Ave,Jerome Ave & E Mosholu Pkwy S,7,40.815793753,-73.912070274,40.87935,-73.88534
Nassau St & Duffield St,Banker St & Meserole Ave,9,40.72864675,-74.0087192,40.72606,-73.95621
2 Ave & E 29 St,Lafayette Ave & Classon Ave,1,40.741854548,-73.977966309,40.68900443,-73.96023854
Jerome Ave & W 184 St,Nagle Ave & Thayer St,1,40.860909939,-73.902514577,40.861382,-73.925591
34 Ave & 31 St,34 Ave & 83 St,2,40.75953114,-73.927080035,40.75375,-73.88423
Queens Plaza North & Crescent St,97 St & 23 Ave,2,40.75110165,-73.94073717,40.7683,-73.87331
W 33 St & 10 Ave,St Marks Pl & 1 Ave,22,40.75377336836039,-73.99937599897385,40.72779126,-73.98564945
W 30 St & 10 Ave,DeKalb Ave & Vanderbilt Ave,3,40.752890825,-74.002639294,40.68940747,-73.96885458
Carroll St & 5 Ave,7 Ave & 41 St,29,40.6751622,-73.9814832,40.647379,-74.000911
W 35 St & 8 Ave,3 Ave & Schermerhorn St,2,40.752771854,-73.99271214,40.68683208,-73.9796772
Leonard St & Maujer St,Cumberland St & Lafayette Ave,7,40.710293531,-73.946966648,40.68753406,-73.97265183
Halsey St & Tompkins Ave,Union St & 4 Ave,18,40.682409048,-73.943931818,40.6772744,-73.98282002
Monroe St & Patchen Ave,Grand Ave & Bergen St,10,40.688151121,-73.926930547,40.678045,-73.962408
Bedford Ave & Bergen St,E 48 St & 5 Ave,1,40.676368,-73.952918,40.75724567911726,-73.97805914282799
Albany Ave & Fulton St,Park Pl & Franklin Ave,25,40.6800105,-73.938475,40.6741806,-73.9564947
St Marks Ave & Ralph Ave,Greene Av & Myrtle Av,4,40.673731089,-73.92196095,40.698568,-73.918877
E 27 St & Park Ave S,Lexington Ave & E 29 St,198,40.743019581,-73.985003948,40.74311555376486,-73.98215353488922
E 188 St & Creston Ave,Southern Blvd & E 172 St,1,40.861556768,-73.898263216,40.834124,-73.88955
Forsyth St & Canal St,Gramercy Park N & Gramercy Park E,39,40.7158155,-73.99422366,40.73795,-73.98509
Bedford Ave & Bergen St,Myrtle Ave & Marcy Ave,10,40.676368,-73.952918,40.69539817,-73.94954908
38 St & Northern Blvd,Engert Ave & McGuinness Blvd,1,40.752423406,-73.925316095,40.72158,-73.94546
W 116 St & Broadway,38 St & Northern Blvd,1,40.808244705,-73.964235663,40.752372,-73.925384
W Broadway & W Houston St,S 5 Pl & S 5 St,43,40.726094723,-74.000373244,40.710451,-73.960876
8 Ave & W 27 St,Broadway & W 138 St,3,40.747805357,-73.996304154,40.82182,-73.95353
Broadway & E 21 St,Center Blvd & 51 Ave,5,40.740050912,-73.989849925,40.74336608027021,-73.95960688591003
48 St & Broadway,30 Ave & 70 St,8,40.75568378,-73.912880778,40.76013,-73.89741
Spruce St & Nassau St,E 4 St & Ave B,54,40.711327791,-74.005496264,40.72334683218016,-73.98265913128853
Eliot Ave & 60 Ln,59 St & 59 Rd,2,40.713982105,-73.903008461,40.71790852734058,-73.908454477787
Albany Ave & Park Pl,Winthrop St & Nostrand Ave,3,40.67297,-73.93896,40.65707,-73.95005
W 4 St & 7 Ave S,Lexington Ave & E 111 St,1,40.73401143,-74.00293877,40.7954121,-73.9441232
W 171 St & St. Nicholas Ave,W 34 St & 11 Ave,1,40.842960715,-73.938634157,40.75594159,-74.0021163
Clinton St & Cherry St,Bergen St & Smith St,3,40.711471394469264,-73.98672603070736,40.6867443,-73.99063168
Irving Ave & Palmetto St,10 St & 4 Ave,1,40.698329568,-73.912899375,40.66967356370341,-73.98898908183764
E 115 St & Lexington Ave,E 169 St & Webster Ave,1,40.797976255,-73.942382932,40.834015,-73.908863
MacDougal St & Washington Sq,Morningside Ave & W 123 St,3,40.732390761,-73.998366594,40.81,-73.9551508
1 Ave & E 44 St,11 Ave & W 59 St,10,40.749682069,-73.969090104,40.77149671054441,-73.99046033620834
Amsterdam Ave & W 172 St,Nagle Ave & Ellwood St,21,40.84204185,-73.93519938,40.86012,-73.928489
Old Fulton St,Broadway & W 29 St,9,40.70277159,-73.99383605,40.7462009,-73.98855723
Mercer St & Spring St,Ocean Ave & Crooke Ave,1,40.723712683,-73.999439597,40.65326,-73.96172
Withers St & Kingsland Ave,49 Ave & 21 St,2,40.71773,-73.94051,40.74252,-73.948852
Myrtle Ave & Lewis Ave,Columbus Ave & W 95 St,1,40.696841717,-73.937535405,40.7919557,-73.968087
W 54 St & 9 Ave,Hudson St & Reade St,9,40.76584941,-73.98690506,40.71625008,-74.0091059
Vernon Blvd & 31 Ave,E 80 St & 2 Ave,1,40.769287586,-73.93549192,40.77391390238118,-73.9543953537941
W 147 St & Adam Clayton Powell Blvd,1 Ave & E 94 St,4,40.822713017,-73.937427044,40.7817212,-73.94594
Pacific St & Thomas S. Boyland St,Congress St & Clinton St,2,40.67568,-73.91396,40.68825516598005,-73.99545192718506
Allen St & Stanton St,W 37 St & Broadway,15,40.721838474,-73.989207149,40.75227093837409,-73.98770570755005
Clarkson Ave & Utica Ave,Clarkson Ave & Nostrand Ave,52,40.656670928,-73.931146741,40.6555,-73.94975
Steinway St & 28 Ave,8 Ave & W 38 St,2,40.7656251,-73.9136695,40.75461,-73.99177
2 Ave & E 72 St,Mercer St & Bleecker St,10,40.7686553,-73.958473444,40.72706363348306,-73.99662137031554
20 Ave & 21 St,46 St & Queens Blvd,1,40.783921123,-73.912280917,40.74349759836971,-73.91860529780388
Van Dam St & Greenpoint Ave,Knickerbocker Ave & Halsey St,4,40.73443564069459,-73.93790781497955,40.693,-73.90824
E 149 St & Eagle Ave,Adam Clayton Powell Blvd & W 151 St,16,40.814142942,-73.911970973,40.825289,-73.936232
91 St & 23 Ave,Ditmars Blvd & 31 Dr,2,40.76768,-73.87899,40.76138,-73.86035
Kent St & McGuinness Blvd,Clarkson Ave & Utica Ave,1,40.731245875,-73.951424241,40.65666,-73.93109
1 Ave & E 78 St,W 50 St & 10 Ave,5,40.77140426,-73.9535166,40.76473420006519,-73.99194359779358
St Marks Ave & Thomas S. Boyland St,Division Ave & Marcy Ave,1,40.673144698,-73.913880706,40.70708701,-73.95796783
Adam Clayton Powell Blvd & W 151 St,Adam Clayton Powell Blvd & W 115 St,45,40.825162053,-73.936315536,40.802535,-73.9532423
Parkside Ave & Flatbush Ave,Clinton Ave & Myrtle Ave,10,40.655746698,-73.959466219,40.693261,-73.968896
5 Ave & E 30 St,W 47 St & 9 Ave,36,40.7459849,-73.98629487,40.76153045158114,-73.99007007479668
W 49 St & 8 Ave,Washington Ave & Greene Ave,2,40.762411118,-73.988176107,40.68650065,-73.96563307
Centre St & Seneca Ave,64 St & Woodbine St,8,40.699643016,-73.902235031,40.70809,-73.89549
40 Ave & 9 St,Cliff St & Fulton St,1,40.757501006,-73.945197225,40.70838,-74.00495
7 Ave & 41 St,Parkside Ave & Ocean Ave,24,40.647379,-74.000911,40.65485,-73.96217
Central Ave & Flushing Ave,Brooklyn Ave & Dean St,7,40.702757597,-73.933259249,40.67669,-73.94437
W 140 St & Riverside Dr,Lenox Ave & W 126 St,13,40.824019194,-73.954576135,40.808442,-73.9452087
N Moore St & Hudson St,E 9 St & Ave C,2,40.720090032,-74.008438706,40.72521311,-73.97768752
34 Ave & 38 St,50 St & Barnett Ave,77,40.756913,-73.921631,40.750097682094825,-73.91349703073502
Broadway & W 153 St,South St & Whitehall St,1,40.831174135,-73.946804047,40.70122128,-74.01234218
W 37 St & 5 Ave,W 22 St & 10 Ave,149,40.750742555,-73.983553529,40.74691959,-74.00451887
E 43 St & Madison Ave,1 Ave & E 94 St,4,40.75354681867074,-73.97896572947502,40.7817212,-73.94594
Steinway St & Broadway,30 St & 48 Ave,8,40.759267807,-73.91882515,40.7413272,-73.937999
45 Rd & 11 St,Kingston Ave & Herkimer St,1,40.747142792,-73.94981122,40.67890679,-73.94142771
W 11 St & 6 Ave,E 30 St & Park Ave S,74,40.73532427,-73.99800419,40.74444921,-73.98303529
E 158 St & Melrose Ave,E 165 St & Clay Ave,19,40.822215,-73.914688,40.82809,-73.91288
N 10 St & Berry St,Bergen St & Carlton Ave,3,40.720233321,-73.957101703,40.680092336223886,-73.97118045900022
Broadway & W 56 St,Amsterdam Ave & W 66 St,167,40.765235424,-73.982393384,40.7746671,-73.98470567
28 Ave & 35 St,Ditmars Blvd & 19 St,42,40.7671,-73.9169858,40.78145,-73.9183302
Crown St & Troy Ave,St Marks Ave & Ralph Ave,1,40.66559,-73.93712,40.67372,-73.92199
Henry St & Grand St,Forsyth St & Broome St,277,40.714211,-73.981095,40.71893904,-73.99266288
Carroll St & Franklin Ave,E 4 St & Ave B,1,40.66789484,-73.958731174,40.72334683218016,-73.98265913128853
Sherman Ave & Thayer St,1 Ave & E 39 St,2,40.863110065,-73.927117586,40.74714,-73.97113
Sterling Pl & Bedford Ave,5 St & 51 Ave,1,40.672762632,-73.953960538,40.7423737,-73.9566
W 48 St &  Rockefeller Plaza,Madison St & Cypress Ave,2,40.75776935448309,-73.97929430007935,40.70068,-73.90742
Lewis Ave & Madison St,Knickerbocker Ave & Halsey St,5,40.68622458,-73.935762763,40.693,-73.90824
92 St & 35 Ave,32 Ave & 75 St,4,40.752842426,-73.875381947,40.75704,-73.8924
N 12 St & Bedford Ave,53 St & Flushing Ave,8,40.720940828,-73.955049515,40.71435,-73.91405
Broadway & W 142 St,W 160 St & St. Nicholas Ave,23,40.824647784,-73.95188868,40.834468,-73.939865
108 St & 39 Ave,72 St & Broadway,1,40.751639605,-73.85915339,40.74751,-73.89372
W 54 St & 6 Ave,W 104 St & Amsterdam Ave,13,40.76154983,-73.977447033,40.79904139288298,-73.96649479866028
Lenox Ave & W 144 St,Riverside Dr & W 72 St,2,40.819929123,-73.936429501,40.78057799010334,-73.98562431335449
43 Ave & 42 St,78 St & Northern Blvd,1,40.74532783,-73.921793818,40.75499,-73.88905
Metropolitan Ave & Stewart Ave,E 88 St & 1 Ave,1,40.71401,-73.92793,40.778301,-73.9488134
37 Ave & 35 St,Lexington Ave & E 29 St,1,40.753327966,-73.927815914,40.74311555376486,-73.98215353488922
Flatbush Ave & Lincoln Rd,Wythe Ave & N 13 St,2,40.661145568,-73.960842848,40.722767,-73.957021
Schenectady Ave & Pacific St,Willoughby Ave & Hall St,4,40.67686,-73.93327,40.69196035,-73.96536851
E 44 St & 2 Ave,Schermerhorn St & Court St,4,40.751312494,-73.971625686,40.6910363748993,-73.99201065301895
2 Ave & 44 St,Lafayette St & Jersey St,1,40.652321458,-74.013547659,40.72456089,-73.99565293
Evergreen Ave & Noll St,Rivington St & Chrystie St,4,40.701150656,-73.933198094,40.72110063,-73.9919254
E 1 St & 1 Ave,Lewis Ave & Kosciuszko St,5,40.723512769,-73.988919258,40.69237074,-73.93705428
N 15 St & Wythe Ave,Bergen St & 4 Ave,4,40.724154472,-73.955788374,40.68256425759694,-73.9798977971077
Boerum St & Broadway,Pioneer St & Richards St,1,40.70538077,-73.94976519,40.6777748,-74.0094613
Madison Ave & E 51 St,76 St & 45 Ave,1,40.758496881,-73.974982142,40.7411,-73.88837
90 St & 51 Ave,Broadway & 51 St,4,40.73937,-73.87411,40.754164,-73.908906
3 Ave & Schermerhorn St,2 Ave & 32 St,1,40.68683208,-73.9796772,40.659176,-74.006584
W 106 St & Amsterdam Ave,Broadway & E 19 St,1,40.8008363,-73.9664492472,40.73866091428551,-73.98987293243407
Carlton Ave & Park Ave,W 42 St & 8 Ave,1,40.695652962,-73.973566055,40.7575699,-73.99098507
Ocean Ave & Crooke Ave,3 Ave & 14 St,5,40.653441787,-73.961573601,40.6685455,-73.99333264
46 Ave & 5 St,2 Ave & E 99 St,2,40.74731,-73.95451,40.7862586,-73.94552579
6 Ave & Canal St,E 9 St & 5 Ave,47,40.72246933,-74.005631685,40.73275887045087,-73.99581670761108
Broadway & E 14 St,5 St & Market St,1,40.73454567,-73.99074142,40.6999974843885,-73.97440128028393
Greene Ave & Grandview Ave,Carlton Ave & Flushing Ave,7,40.709715366,-73.907949924,40.697787,-73.973736
Bayard St & Leonard St,Thomas S. Boyland St & Macon St,2,40.71915571696044,-73.94885390996933,40.68491,-73.91493
Hart St & Wyckoff Ave,Irving Ave & DeKalb Ave,86,40.704934001,-73.919819593,40.7027,-73.92095
Jerome Ave & E 164 St,Grand Concourse & E 156 St,17,40.831588864,-73.926085114,40.823429,-73.924689
Great Jones St,Milton St & Franklin St,15,40.72720325,-73.994135976,40.72906,-73.95779
Flatbush Ave & Ocean Ave,Prospect Pl & Nostrand Ave,18,40.663657,-73.963014,40.67428,-73.9503
Stagg St & Union Ave,Amory Ct & Metropolitan Ave,1,40.70877084,-73.95095259,40.71301,-73.90968
Division Ave & Hooper St,Bank St & Hudson St,2,40.706996322,-73.954154015,40.73652889,-74.00618026
81 St & 35 Ave,St Marks Pl & 2 Ave,1,40.751799345,-73.885610342,40.7284186,-73.98713956
Central Ave & Starr Street,Vesey St & Church St,4,40.699990273,-73.928364873,40.71221958009051,-74.01047229766846
Sterling Pl & New York Ave,George St & Wilson Ave,3,40.672413707,-73.947719574,40.702997,-73.92997
Columbia Heights & Cranberry St,Park Pl & Thomas S. Boyland St,1,40.700386286,-73.99547863,40.67154,-73.91433
53 St & Flushing Ave,Fresh Pond Rd & 69 Ave,2,40.714333296,-73.913967729,40.70311,-73.89547
E 2 St & Avenue B,Berry St & N 8 St,47,40.722239137,-73.983490109,40.7190095,-73.95852515
Schermerhorn St & Hoyt St,Classon Ave & St Marks Ave,89,40.6886263,-73.9851911,40.676513,-73.959431
48 Ave & 5 St,36 St & Queens Blvd,4,40.74436328706688,-73.9558732509613,40.74408,-73.92901
Forsyth St & Grand St,Maple St & New York Ave,2,40.717549801,-73.993365526,40.66104,-73.94795
2 Ave & E 31 St,Willoughby Ave & Hall St,1,40.74299,-73.97711,40.69196035,-73.96536851
Prospect Pl & 6 Ave,Montague St & Clinton St,53,40.679166079,-73.975000501,40.6942715,-73.9923272
10 Ave & W 14 St,W 64 St & Thelonious Monk Circle,303,40.74198159994023,-74.00831580162048,40.77515953434235,-73.98918695747852
E 7 St & Ave B,Allen St & Stanton St,223,40.725353956,-73.981742859,40.722055,-73.989111
E 56 St & 3 Ave,31 St & Broadway,14,40.759070516,-73.967195749,40.761584,-73.925921
41 St & 4 Ave,Clinton Ave & Flushing Ave,1,40.651340008,-74.007143617,40.69794,-73.96986848
John St & William St,E 59 St & Madison Ave,5,40.71052503333333,-74.00720805,40.76350532,-73.97109243
Parade Pl & Crooke Ave,Lafayette Ave & Ft Greene Pl,12,40.651847,-73.965248,40.68700231292619,-73.97664964199066
Lott St & Erasmus St,Macon St & Nostrand Ave,1,40.64949,-73.95408,40.6809833854,-73.9500479759
Concord St & Bridge St,W 56 St & 6 Ave,2,40.697576523,-73.984695792,40.76340613,-73.97722479
1 Pl & Clinton St,Cortelyou Rd & Stratford Rd,4,40.681053877,-73.999219418,40.63966,-73.96807
Amsterdam Ave & W 167 St,6 Ave & 21 St,1,40.839495301,-73.936949968,40.66016,-73.990974
University Pl & E 14 St,Prospect Park SW & Greenwood Ave,1,40.734814,-73.992085,40.652563,-73.972573
Richardson St & N Henry St,W 16 St & The High Line,1,40.719096303,-73.94219923,40.74334935,-74.00681753
3 Ave & E 172 St,W 135 St & Lenox Terrace Pl,3,40.839460969,-73.900293589,40.813619,-73.939336
E 10 St & Avenue A,31 St & Newtown Ave,3,40.72740794,-73.98142006,40.7675487799971,-73.9209334552288
Matthews Ct & Coney Island Ave,Bergen St & Kingston Ave,2,40.642436028,-73.969454646,40.6756,-73.9415
Metropolitan Ave & Stewart Ave,Fulton St & Irving Pl,3,40.71401,-73.92793,40.68186,-73.959432
N 5 St & Northside Piers,Central Ave & Starr St,3,40.74227368333333,-73.95420061666667,40.700003,-73.92834
W 148 St & Amsterdam Ave,Brook Ave & E 138 St,4,40.827023864,-73.945947289,40.807408,-73.91924
Carroll St & Bond St,W 27 St & 6 Ave,1,40.6786115,-73.99037292,40.74526,-73.99062
Sands St Gate,6 Ave & Broome St,2,40.699569,-73.979827,40.72431,-74.00473
N 15 St & Wythe Ave,39 St & 47 Ave,3,40.724154472,-73.955788374,40.74215636827728,-73.92662644386292
30 Ave & 47 St,Canal St & Rutgers St,2,40.761294,-73.909562,40.71427487,-73.98990025
Clarkson Ave & Nostrand Ave,Schenectady Ave & President St,3,40.655524492,-73.94962132,40.66732,-73.93398
Flushing Ave & Woodward Ave,Sands St & Jay St,10,40.712459683,-73.918709278,40.700119,-73.9862
E 58 St & 3 Ave,E 20 St & 2 Ave,148,40.76095756,-73.96724467,40.73587678,-73.98205027
3 Ave & E 62 St,Riverside Dr & W 104 St,10,40.76312584,-73.96526895,40.8013434,-73.9711457439
43 Ave & 40 St,61 St & Woodside Ave,11,40.745764375,-73.924025655,40.74501,-73.9036
Myrtle Ave & Grove St,Bergen St & Flatbush Ave,2,40.699037552,-73.91514492,40.680944723477296,-73.97567331790923
42 Pl & Northern Blvd,60 St & 60 Rd,2,40.753029823,-73.920627356,40.71592232709503,-73.90601366758347
Bedford Ave & S 9 St,Central Park W & W 103 St,1,40.708478212,-73.964127541,40.79558954105342,-73.96188408136368
W 129 St & Convent Ave,E 106 St & 2 Ave,3,40.814386487,-73.95332849,40.790586067792006,-73.94195795059204
Broadway & W 36 St,Huron St & Franklin St,5,40.750901341,-73.987877965,40.73266,-73.95826
Driggs Ave & N 9 St,44 St & 48 Ave,24,40.718253613,-73.955197692,40.73941387498411,-73.92131969332695
Jerome Ave & W 193 St,E 157 St & River Ave,12,40.866549969,-73.897988796,40.825737,-73.927311
E 106 St & 2 Ave,Broadway & E 14 St,2,40.790586067792006,-73.94195795059204,40.73454567,-73.99074142
50 Ave & 65 St,Roebling St & N 4 St,1,40.737108111,-73.900743127,40.71469,-73.95739
W 67 St & Broadway,Norman Ave & Leonard St,3,40.774845958,-73.982590318,40.725819,-73.950815
N 9 St & Wythe Ave,E 2 St & 2 Ave,4,40.72054,-73.959,40.72502876,-73.99069656
Suffolk St & Stanton St,Murray St & Greenwich St,82,40.720575213,-73.985178351,40.71485150526252,-74.01122331619263
Central Ave & Flushing Ave,Washington Ave & Park Ave,9,40.702757597,-73.933259249,40.69610226,-73.96751037
Perry St & Bleecker St,E 66 St & Madison Ave,5,40.73535398,-74.00483091,40.76800889305947,-73.96845281124115
7 Ave & Central Park South,Kingston Ave & Herkimer St,1,40.766462564,-73.9791646,40.67890679,-73.94142771
64 St & 53 Dr,35 St & 23 Ave,3,40.728947639,-73.901244283,40.77301508291382,-73.91119033098221
Summerfield St & Cypress Ave,E 11 St & 3 Ave,1,40.696525574,-73.900657415,40.73127,-73.98849
7 Ave & Park Pl,Pulaski St & Marcus Garvey Blvd,16,40.677590847,-73.973281264,40.6933982,-73.939877
W 56 St & 6 Ave,John St & William St,6,40.763491511,-73.977682948,40.70862144,-74.00722156
Madison St & Forest Ave,Cypress Ave & Palmetto St,91,40.705569625,-73.902504802,40.70157340873792,-73.90876293182373
Newton Rd & 44 St,Madison St & Cypress Ave,1,40.759597898,-73.914299965,40.70068,-73.90742
10 Ave & W 14 St,Graham Ave & Conselyea St,2,40.74198159994023,-74.00831580162048,40.715143,-73.944507
E 102 St & 1 Ave,Grand Army Plaza & Central Park S,23,40.786964774,-73.941592932,40.7643971,-73.97371465
Mott St & Prince St,Morgan Ave & Lombardy St,2,40.723193169,-73.994909763,40.72226,-73.93889
Pleasant Ave & E 120 St,Broadway & W 58 St,5,40.797361374,-73.93132329,40.76695317,-73.98169333
Spruce St & Gold St,Clinton St & Union St,2,40.7103231,-74.0043228,40.6831164,-73.99785267
W 37 St & Broadway,Laight St & Hudson St,2,40.751899719,-73.988252521,40.72185379,-74.00771779
Wilson Ave & Troutman St,Jay St & York St,31,40.701647043,-73.927361488,40.70140317257725,-73.98672670125961
E 10 St & 2 Ave,34 Ave & 31 St,3,40.72970805644994,-73.9865979552269,40.759604471387945,-73.92714411020279
7 Ave & 41 St,29 St & 5 Ave,42,40.647379,-74.000911,40.656986,-73.998194
Flatbush Ave & Ocean Ave,Front St & Gold St,9,40.663657,-73.963014,40.70224,-73.982578
Albee Square W & Fulton St,48 St & 5 Ave,10,40.69068758614303,-73.98347854614258,40.646351,-74.009271
Maurice Ave & 53 Dr,Skillman Ave & 54 St,2,40.73031795,-73.904206753,40.745502,-73.909887
Shakespeare Ave & W 169 St,Wadsworth Ave & W 179 St,31,40.839512467,-73.922474146,40.848467,-73.936064
E 118 St & Madison Ave,Centre St & Worth St,1,40.8014866,-73.9442507,40.71494807,-74.00234482
49 Ave & 21 St,Norman Ave & Leonard St,21,40.742453456,-73.948865175,40.725819,-73.950815
Wadsworth Ave & W 175 St,E 169 St & Webster Ave,1,40.846005797,-73.93774116,40.834015,-73.908863
W 64 St & Thelonious Monk Circle,W 25 St & 6 Ave,46,40.77515953434235,-73.98918695747852,40.74395411,-73.99144871
St Mary's St & Jackson Ave,St. Ann's Av & Bruckner Blvd,8,40.808941364,-73.910948396,40.803399,-73.919763
E 77 St & 3 Ave,3 Ave & E 72 St,107,40.773364186,-73.95909059,40.7699426,-73.96060712
Grand Concourse & E 167 St,E 114 St & 1 Ave,2,40.834091187,-73.917943358,40.7945663,-73.9362541
Degraw St & Hoyt St,Broadway & W 25 St,20,40.68199044270703,-73.99079024791718,40.74286877312112,-73.98918628692627
Kent Ave & N 7 St,44 St & Greenpoint Ave,5,40.72036775298455,-73.96165072917938,40.741119944681465,-73.92103672027588
31 St & Ditmars Blvd,21 St & 21 Ave,976,40.776168,-73.910485,40.782465,-73.914527
Jackson St & Leonard St,Bushwick Ave & Furman Ave,2,40.71622014,-73.948534489,40.68281,-73.90623
W 84 St & Columbus Ave,11 Ave & W 27 St,30,40.78499979,-73.97283406,40.751396,-74.005226
Grand Concourse & E 192 St,Sedgwick Ave & Hall of Fame Tce,4,40.864625573,-73.895098329,40.859532,-73.913303
Washington Ave & Empire Blvd,Park Pl & Church St,3,40.66314,-73.9605695,40.71334184275907,-74.00935515761375
W 34 St & 11 Ave,E 75 St & 3 Ave,9,40.75594159,-74.0021163,40.77112927,-73.95772297
